open_port_count,has_port_22,has_port_2222,has_port_21,has_port_23,has_port_80,has_port_443,has_port_502,has_port_1433,has_port_3306,banner_count,avg_banner_length,max_banner_entropy,contains_cowrie_keyword,contains_dionaea_keyword,contains_generic_ssh,contains_conpot_keyword,avg_latency_ms,latency_std_dev,multi_service_legacy_ratio,is_honeypot
3.0,0.0,0.0,0.0,0.0,1.0,1.0,0.0,0.0,0.0,2.0,70.0,5.04289,0.0,0.0,0.0,0.0,76.81875,21.770943,0.0,0
3.0,0.0,0.0,0.0,0.0,1.0,1.0,0.0,0.0,0.0,2.0,70.0,5.04289,0.0,0.0,0.0,0.0,48.870033,18.573603,0.0,0
5.0,0.0,0.0,1.0,1.0,0.0,0.0,0.0,0.0,1.0,3.0,28.0,4.2439427,0.0,1.0,0.0,0.0,2.2674742,0.5736537,0.8,1
1.0,1.0,0.0,0.0,0.0,0.0,0.0,0.0,0.0,0.0,1.0,19.0,3.5110855,0.0,0.0,0.0,0.0,60.356865,0.0,0.0,0
3.0,0.0,0.0,1.0,0.0,0.0,0.0,0.0,1.0,0.0,3.0,30.666666,4.209867,0.0,1.0,0.0,0.0,1.7332609,0.9581212,1.0,1
3.0,0.0,0.0,0.0,0.0,1.0,1.0,0.0,0.0,0.0,2.0,70.0,5.04289,0.0,0.0,0.0,0.0,85.28354,23.716953,0.0,0
2.0,1.0,0.0,0.0,0.0,0.0,0.0,0.0,0.0,0.0,1.0,38.0,4.3988576,0.0,0.0,0.0,0.0,36.546093,3.068336,0.0,0
2.0,1.0,0.0,0.0,0.0,0.0,0.0,0.0,0.0,1.0,2.0,45.0,4.669485,0.0,0.0,0.0,0.0,73.04504,0.27914864,0.5,0
2.0,1.0,1.0,0.0,0.0,0.0,0.0,0.0,0.0,0.0,2.0,25.5,4.015061,0.0,0.0,0.0,0.0,3.750904,0.47399145,0.0,1
5.0,0.0,0.0,1.0,1.0,0.0,0.0,0.0,0.0,1.0,3.0,28.666666,4.2439427,0.0,1.0,0.0,0.0,2.21798,0.6324367,0.8,1
2.0,1.0,1.0,0.0,0.0,0.0,0.0,0.0,0.0,0.0,2.0,25.5,4.015061,0.0,0.0,0.0,0.0,4.395713,1.0676188,0.0,1
1.0,1.0,0.0,0.0,0.0,0.0,0.0,0.0,0.0,0.0,1.0,19.0,3.5110855,0.0,0.0,0.0,0.0,54.456963,0.0,0.0,0
2.0,0.0,0.0,0.0,0.0,1.0,1.0,0.0,0.0,0.0,2.0,47.5,4.778678,0.0,0.0,0.0,0.0,47.199287,15.911368,0.0,0
2.0,1.0,0.0,0.0,0.0,0.0,0.0,0.0,0.0,1.0,2.0,45.0,4.669485,0.0,0.0,0.0,0.0,56.276764,6.495169,0.5,0
3.0,0.0,0.0,0.0,0.0,1.0,1.0,0.0,0.0,0.0,3.0,53.666668,4.749128,0.0,0.0,0.0,0.0,77.67467,31.30687,0.0,0
3.0,0.0,0.0,0.0,0.0,1.0,1.0,0.0,0.0,0.0,3.0,53.666668,4.749128,0.0,0.0,0.0,0.0,95.60662,31.567822,0.0,0
3.0,0.0,0.0,0.0,0.0,1.0,1.0,0.0,0.0,0.0,3.0,53.666668,4.749128,0.0,0.0,0.0,0.0,49.081413,2.8823247,0.0,0
3.0,0.0,0.0,0.0,0.0,1.0,1.0,0.0,0.0,0.0,3.0,53.666668,4.749128,0.0,0.0,0.0,0.0,97.82571,10.9611025,0.0,0
3.0,0.0,0.0,0.0,0.0,0.0,0.0,1.0,0.0,0.0,3.0,53.333332,4.567343,0.0,0.0,0.0,1.0,8.247953,2.9741964,0.33333334,1
2.0,1.0,0.0,0.0,0.0,0.0,0.0,0.0,0.0,0.0,1.0,38.0,4.3988576,0.0,0.0,0.0,0.0,45.84189,1.1668836,0.0,0
1.0,0.0,1.0,0.0,0.0,0.0,0.0,0.0,0.0,0.0,1.0,28.0,4.164498,1.0,0.0,0.0,0.0,2.6852508,0.0,0.0,1
1.0,1.0,0.0,0.0,0.0,0.0,0.0,0.0,0.0,0.0,1.0,19.0,3.5110855,0.0,0.0,0.0,0.0,89.75767,0.0,0.0,0
2.0,1.0,0.0,0.0,0.0,0.0,0.0,0.0,0.0,0.0,1.0,38.0,4.3988576,0.0,0.0,0.0,0.0,47.66435,7.7187943,0.0,0
5.0,0.0,0.0,1.0,1.0,0.0,0.0,0.0,0.0,1.0,3.0,28.0,4.2439427,0.0,1.0,0.0,0.0,2.1396818,0.7188337,0.8,1
2.0,1.0,0.0,0.0,0.0,0.0,0.0,0.0,0.0,1.0,2.0,45.0,4.669485,0.0,0.0,0.0,0.0,53.39837,20.502111,0.5,0
3.0,0.0,0.0,0.0,0.0,1.0,1.0,0.0,0.0,0.0,2.0,70.0,5.04289,0.0,0.0,0.0,0.0,76.82095,33.063446,0.0,0
1.0,1.0,0.0,0.0,0.0,0.0,0.0,0.0,0.0,0.0,1.0,38.0,4.165838,0.0,0.0,0.0,0.0,66.66043,0.0,0.0,0
1.0,1.0,0.0,0.0,0.0,0.0,0.0,0.0,0.0,0.0,1.0,19.0,3.5110855,0.0,0.0,0.0,0.0,80.31591,0.0,0.0,0
2.0,1.0,0.0,0.0,0.0,0.0,0.0,0.0,1.0,0.0,2.0,42.5,4.509495,0.0,0.0,0.0,0.0,71.12569,8.631783,0.5,0
2.0,0.0,0.0,0.0,0.0,1.0,0.0,0.0,0.0,0.0,2.0,43.0,4.9019876,0.0,0.0,0.0,0.0,4.4233274,0.55984646,0.0,1
1.0,0.0,1.0,0.0,0.0,0.0,0.0,0.0,0.0,0.0,1.0,28.0,4.164498,1.0,0.0,0.0,0.0,2.5355163,0.0,0.0,1
1.0,0.0,1.0,0.0,0.0,0.0,0.0,0.0,0.0,0.0,1.0,28.0,4.164498,1.0,0.0,0.0,0.0,1.7649319,0.0,0.0,1
3.0,1.0,1.0,0.0,1.0,0.0,0.0,0.0,0.0,0.0,3.0,27.666666,4.282484,1.0,0.0,0.0,0.0,3.4170718,0.47242528,0.33333334,1
3.0,0.0,0.0,0.0,0.0,1.0,1.0,0.0,0.0,0.0,3.0,53.666668,4.749128,0.0,0.0,0.0,0.0,81.17777,10.636489,0.0,0
4.0,0.0,0.0,0.0,1.0,1.0,0.0,0.0,1.0,0.0,4.0,29.0,3.8538632,0.0,0.0,0.0,0.0,2.6632323,0.905254,0.75,1
4.0,1.0,1.0,1.0,0.0,0.0,0.0,0.0,0.0,0.0,4.0,29.0,3.8538632,0.0,0.0,0.0,0.0,2.004437,0.31680882,0.5,1
3.0,1.0,1.0,0.0,1.0,0.0,0.0,0.0,0.0,0.0,3.0,28.666666,4.182006,1.0,0.0,0.0,0.0,3.4359624,1.0770664,0.33333334,1
2.0,1.0,1.0,0.0,0.0,0.0,0.0,0.0,0.0,0.0,2.0,27.5,4.282484,1.0,0.0,0.0,0.0,3.497488,0.1686248,0.0,1
2.0,0.0,0.0,0.0,0.0,1.0,1.0,0.0,0.0,0.0,2.0,70.0,5.04289,0.0,0.0,0.0,0.0,84.399315,34.205025,0.0,0
3.0,0.0,0.0,0.0,0.0,1.0,1.0,0.0,0.0,0.0,3.0,53.666668,4.749128,0.0,0.0,0.0,0.0,102.78602,22.261396,0.0,0
3.0,0.0,0.0,0.0,0.0,1.0,1.0,0.0,0.0,0.0,3.0,53.666668,4.749128,0.0,0.0,0.0,0.0,92.07452,39.0492,0.0,0
3.0,0.0,0.0,0.0,0.0,1.0,1.0,0.0,0.0,0.0,2.0,70.0,5.04289,0.0,0.0,0.0,0.0,70.80007,33.714325,0.0,0
3.0,0.0,0.0,0.0,0.0,1.0,1.0,0.0,0.0,0.0,2.0,69.0,5.04289,0.0,0.0,0.0,0.0,56.612877,35.539154,0.0,0
2.0,0.0,0.0,0.0,0.0,1.0,0.0,0.0,0.0,0.0,2.0,43.0,4.9019876,0.0,0.0,0.0,0.0,4.81202,0.9578355,0.0,1
3.0,0.0,0.0,0.0,0.0,1.0,1.0,0.0,0.0,0.0,3.0,53.666668,4.749128,0.0,0.0,0.0,0.0,96.428894,15.843396,0.0,0
5.0,1.0,1.0,1.0,1.0,1.0,0.0,0.0,0.0,0.0,5.0,29.0,3.8538632,0.0,0.0,0.0,0.0,2.2673633,0.75818497,0.4,1
2.0,0.0,0.0,0.0,0.0,1.0,0.0,0.0,0.0,0.0,2.0,43.0,4.9019876,0.0,0.0,0.0,0.0,5.440732,2.5377982,0.0,1
2.0,0.0,0.0,0.0,0.0,0.0,0.0,1.0,0.0,0.0,2.0,54.5,4.567343,0.0,0.0,0.0,1.0,11.2564945,0.20958082,0.5,1
2.0,1.0,0.0,0.0,0.0,0.0,0.0,0.0,1.0,0.0,2.0,42.5,4.509495,0.0,0.0,0.0,0.0,54.787296,16.899954,0.5,0
3.0,0.0,0.0,0.0,0.0,1.0,1.0,0.0,0.0,0.0,2.0,70.0,5.04289,0.0,0.0,0.0,0.0,62.640575,36.46419,0.0,0
2.0,0.0,0.0,0.0,0.0,1.0,0.0,0.0,0.0,0.0,2.0,43.0,4.9019876,0.0,0.0,0.0,0.0,3.7023115,0.347348,0.0,1
2.0,0.0,0.0,0.0,0.0,0.0,0.0,1.0,0.0,0.0,2.0,54.5,4.567343,0.0,0.0,0.0,1.0,10.16164,0.66166276,0.5,1
2.0,1.0,0.0,0.0,0.0,0.0,0.0,0.0,0.0,1.0,2.0,45.0,4.669485,0.0,0.0,0.0,0.0,42.896854,8.281933,0.5,0
3.0,1.0,1.0,0.0,1.0,0.0,0.0,0.0,0.0,0.0,3.0,27.666666,4.282484,1.0,0.0,0.0,0.0,3.9604492,0.9262293,0.33333334,1
3.0,0.0,0.0,0.0,0.0,1.0,1.0,0.0,0.0,0.0,3.0,53.666668,4.749128,0.0,0.0,0.0,0.0,99.320496,37.45355,0.0,0
1.0,1.0,0.0,0.0,0.0,0.0,0.0,0.0,0.0,0.0,1.0,19.0,3.5110855,0.0,0.0,0.0,0.0,37.16169,0.0,0.0,0
2.0,0.0,0.0,0.0,0.0,1.0,0.0,0.0,0.0,0.0,2.0,43.0,4.9019876,0.0,0.0,0.0,0.0,3.257733,0.056782734,0.0,1
3.0,1.0,1.0,0.0,1.0,0.0,0.0,0.0,0.0,0.0,3.0,27.666666,4.282484,1.0,0.0,0.0,0.0,4.054018,0.6811326,0.33333334,1
3.0,0.0,0.0,0.0,0.0,1.0,1.0,0.0,0.0,0.0,3.0,53.666668,4.749128,0.0,0.0,0.0,0.0,137.13287,10.6096,0.0,0
4.0,0.0,0.0,1.0,0.0,0.0,0.0,0.0,1.0,1.0,4.0,31.5,4.2439427,0.0,1.0,0.0,0.0,2.1664376,0.9501991,1.0,1
1.0,1.0,0.0,0.0,0.0,0.0,0.0,0.0,0.0,0.0,1.0,38.0,4.165838,0.0,0.0,0.0,0.0,44.551872,0.0,0.0,0
3.0,0.0,0.0,0.0,0.0,1.0,1.0,0.0,0.0,0.0,3.0,53.666668,4.749128,0.0,0.0,0.0,0.0,111.6171,33.34523,0.0,0
3.0,0.0,0.0,0.0,0.0,1.0,1.0,0.0,0.0,0.0,3.0,53.666668,4.749128,0.0,0.0,0.0,0.0,114.85565,25.834764,0.0,0
3.0,0.0,0.0,0.0,1.0,1.0,0.0,0.0,1.0,0.0,3.0,29.0,3.8538632,0.0,0.0,0.0,0.0,3.110367,0.90885913,0.6666667,1
3.0,0.0,0.0,0.0,0.0,1.0,1.0,0.0,0.0,0.0,3.0,53.666668,4.749128,0.0,0.0,0.0,0.0,107.992065,23.505913,0.0,0
2.0,0.0,0.0,0.0,0.0,0.0,0.0,1.0,0.0,0.0,2.0,54.5,4.567343,0.0,0.0,0.0,1.0,10.256561,1.6118433,0.5,1
2.0,0.0,0.0,0.0,0.0,1.0,0.0,0.0,0.0,0.0,2.0,43.0,4.9019876,0.0,0.0,0.0,0.0,5.6985493,0.80844855,0.0,1
2.0,0.0,0.0,0.0,0.0,1.0,0.0,0.0,0.0,0.0,2.0,43.0,4.9019876,0.0,0.0,0.0,0.0,5.5246744,2.3886228,0.0,1
1.0,1.0,0.0,0.0,0.0,0.0,0.0,0.0,0.0,0.0,1.0,38.0,4.165838,0.0,0.0,0.0,0.0,37.663193,0.0,0.0,0
2.0,0.0,0.0,0.0,0.0,1.0,0.0,0.0,0.0,0.0,2.0,43.0,4.9019876,0.0,0.0,0.0,0.0,6.526075,1.0645887,0.0,1
1.0,1.0,0.0,0.0,0.0,0.0,0.0,0.0,0.0,0.0,1.0,38.0,4.165838,0.0,0.0,0.0,0.0,60.877846,0.0,0.0,0
2.0,1.0,0.0,0.0,0.0,0.0,0.0,0.0,0.0,0.0,1.0,38.0,4.3988576,0.0,0.0,0.0,0.0,59.048275,13.35249,0.0,0
2.0,1.0,0.0,0.0,0.0,0.0,0.0,0.0,0.0,0.0,1.0,38.0,4.3988576,0.0,0.0,0.0,0.0,47.94194,2.4777062,0.0,0
3.0,0.0,0.0,0.0,0.0,0.0,0.0,1.0,0.0,0.0,3.0,53.333332,4.567343,0.0,0.0,0.0,1.0,7.968261,2.6896982,0.33333334,1
1.0,1.0,0.0,0.0,0.0,0.0,0.0,0.0,0.0,0.0,1.0,19.0,3.5110855,0.0,0.0,0.0,0.0,69.14632,0.0,0.0,0
3.0,1.0,1.0,0.0,1.0,0.0,0.0,0.0,0.0,0.0,3.0,31.0,4.3578377,1.0,0.0,0.0,0.0,3.9039047,1.0822469,0.33333334,1
2.0,1.0,1.0,0.0,0.0,0.0,0.0,0.0,0.0,0.0,2.0,25.5,4.015061,0.0,0.0,0.0,0.0,3.147757,0.3998022,0.0,1
3.0,0.0,0.0,1.0,1.0,0.0,0.0,0.0,1.0,0.0,3.0,29.0,3.8538632,0.0,0.0,0.0,0.0,2.483581,0.3673626,1.0,1
1.0,1.0,0.0,0.0,0.0,0.0,0.0,0.0,0.0,0.0,1.0,19.0,3.5110855,0.0,0.0,0.0,0.0,53.625168,0.0,0.0,0
1.0,1.0,0.0,0.0,0.0,0.0,0.0,0.0,0.0,0.0,1.0,39.0,4.16042,0.0,0.0,0.0,0.0,37.772823,0.0,0.0,0
1.0,0.0,0.0,0.0,0.0,0.0,1.0,0.0,0.0,0.0,1.0,89.0,5.04289,0.0,0.0,0.0,0.0,93.24286,0.0,0.0,0
2.0,1.0,1.0,0.0,0.0,0.0,0.0,0.0,0.0,0.0,2.0,25.5,4.015061,0.0,0.0,0.0,0.0,3.5750742,0.72112876,0.0,1
3.0,1.0,1.0,0.0,1.0,0.0,0.0,0.0,0.0,0.0,3.0,27.666666,4.282484,1.0,0.0,0.0,0.0,3.9777157,1.4405218,0.33333334,1
4.0,0.0,0.0,1.0,0.0,0.0,0.0,0.0,1.0,1.0,4.0,31.5,4.2439427,0.0,1.0,0.0,0.0,1.9394267,0.45940056,1.0,1
2.0,1.0,1.0,0.0,0.0,0.0,0.0,0.0,0.0,0.0,2.0,25.5,4.015061,0.0,0.0,0.0,0.0,4.330871,0.18658787,0.0,1
3.0,0.0,0.0,0.0,0.0,1.0,1.0,0.0,0.0,0.0,3.0,53.666668,4.749128,0.0,0.0,0.0,0.0,117.569725,19.209412,0.0,0
5.0,0.0,0.0,1.0,1.0,0.0,0.0,0.0,0.0,1.0,3.0,28.666666,4.2439427,0.0,1.0,0.0,0.0,2.0236092,0.66744727,0.8,1
2.0,0.0,0.0,0.0,0.0,0.0,0.0,1.0,0.0,0.0,2.0,52.5,4.545289,0.0,0.0,0.0,1.0,7.439447,0.8817706,0.5,1
3.0,0.0,0.0,1.0,0.0,0.0,0.0,0.0,1.0,0.0,3.0,28.0,4.209867,0.0,1.0,0.0,0.0,1.5034634,0.3022482,1.0,1
2.0,1.0,1.0,0.0,0.0,0.0,0.0,0.0,0.0,0.0,2.0,25.5,4.015061,0.0,0.0,0.0,0.0,3.089565,0.36564472,0.0,1
2.0,0.0,0.0,0.0,0.0,1.0,0.0,0.0,0.0,0.0,2.0,43.0,4.9019876,0.0,0.0,0.0,0.0,5.1553836,2.5479577,0.0,1
3.0,0.0,0.0,0.0,0.0,1.0,1.0,0.0,0.0,0.0,3.0,53.666668,4.749128,0.0,0.0,0.0,0.0,103.005585,29.870422,0.0,0
2.0,1.0,1.0,0.0,0.0,0.0,0.0,0.0,0.0,0.0,2.0,25.5,4.015061,0.0,0.0,0.0,0.0,4.2274957,0.34372362,0.0,1
1.0,1.0,0.0,0.0,0.0,0.0,0.0,0.0,0.0,0.0,1.0,38.0,4.165838,0.0,0.0,0.0,0.0,48.1653,0.0,0.0,0
3.0,1.0,1.0,0.0,1.0,0.0,0.0,0.0,0.0,0.0,3.0,31.0,4.3578377,1.0,0.0,0.0,0.0,4.786796,0.23830448,0.33333334,1
1.0,1.0,0.0,0.0,0.0,0.0,0.0,0.0,0.0,0.0,1.0,19.0,3.5110855,0.0,0.0,0.0,0.0,67.04742,0.0,0.0,0
2.0,0.0,0.0,0.0,0.0,1.0,1.0,0.0,0.0,0.0,2.0,70.0,5.04289,0.0,0.0,0.0,0.0,74.80757,32.543312,0.0,0
2.0,0.0,0.0,0.0,0.0,0.0,0.0,1.0,0.0,0.0,2.0,54.5,4.567343,0.0,0.0,0.0,1.0,7.1687994,0.46879512,0.5,1
2.0,1.0,0.0,0.0,0.0,0.0,0.0,0.0,1.0,0.0,2.0,42.5,4.509495,0.0,0.0,0.0,0.0,38.354443,4.2591324,0.5,0
2.0,0.0,0.0,0.0,0.0,1.0,0.0,0.0,0.0,0.0,2.0,43.0,4.9019876,0.0,0.0,0.0,0.0,5.2610145,2.4745438,0.0,1
1.0,0.0,1.0,0.0,0.0,0.0,0.0,0.0,0.0,0.0,1.0,28.0,4.164498,1.0,0.0,0.0,0.0,4.8940496,0.0,0.0,1
1.0,1.0,0.0,0.0,0.0,0.0,0.0,0.0,0.0,0.0,1.0,39.0,4.16042,0.0,0.0,0.0,0.0,72.280136,0.0,0.0,0
2.0,1.0,1.0,0.0,0.0,0.0,0.0,0.0,0.0,0.0,2.0,25.5,4.015061,0.0,0.0,0.0,0.0,4.1584997,0.18460621,0.0,1
4.0,1.0,1.0,1.0,1.0,0.0,0.0,0.0,0.0,0.0,4.0,29.0,3.8538632,0.0,0.0,0.0,0.0,2.373461,0.711517,0.5,1
3.0,0.0,0.0,0.0,0.0,1.0,1.0,0.0,0.0,0.0,3.0,53.666668,4.749128,0.0,0.0,0.0,0.0,83.54774,28.696653,0.0,0
1.0,1.0,0.0,0.0,0.0,0.0,0.0,0.0,0.0,0.0,1.0,39.0,4.16042,0.0,0.0,0.0,0.0,76.83158,0.0,0.0,0
5.0,1.0,1.0,1.0,0.0,0.0,0.0,0.0,1.0,0.0,5.0,29.0,3.8538632,0.0,0.0,0.0,0.0,2.1540513,0.85460246,0.6,1
2.0,1.0,1.0,0.0,0.0,0.0,0.0,0.0,0.0,0.0,2.0,25.5,4.015061,0.0,0.0,0.0,0.0,3.8660712,1.4966853,0.0,1
3.0,0.0,0.0,0.0,0.0,1.0,1.0,0.0,0.0,0.0,3.0,53.666668,4.749128,0.0,0.0,0.0,0.0,108.80834,14.829671,0.0,0
2.0,1.0,0.0,0.0,0.0,0.0,0.0,0.0,0.0,0.0,1.0,38.0,4.3988576,0.0,0.0,0.0,0.0,63.6593,6.750658,0.0,0
2.0,1.0,1.0,0.0,0.0,0.0,0.0,0.0,0.0,0.0,2.0,25.5,4.015061,0.0,0.0,0.0,0.0,4.4818664,0.40820497,0.0,1
4.0,0.0,0.0,1.0,0.0,0.0,0.0,0.0,1.0,1.0,4.0,31.5,4.2439427,0.0,1.0,0.0,0.0,2.285361,0.6254061,1.0,1
3.0,1.0,1.0,0.0,1.0,0.0,0.0,0.0,0.0,0.0,3.0,31.0,4.3578377,1.0,0.0,0.0,0.0,3.287688,1.2758139,0.33333334,1
2.0,0.0,0.0,0.0,0.0,1.0,0.0,0.0,0.0,0.0,2.0,43.0,4.9019876,0.0,0.0,0.0,0.0,5.187994,1.1685168,0.0,1
4.0,0.0,0.0,1.0,0.0,0.0,0.0,0.0,1.0,1.0,4.0,33.0,4.2439427,0.0,1.0,0.0,0.0,2.5937629,0.28153837,1.0,1
3.0,0.0,0.0,0.0,0.0,1.0,1.0,0.0,0.0,0.0,3.0,53.666668,4.749128,0.0,0.0,0.0,0.0,67.85396,19.613195,0.0,0
3.0,0.0,0.0,1.0,0.0,0.0,0.0,0.0,1.0,0.0,3.0,28.0,4.209867,0.0,1.0,0.0,0.0,2.2271643,0.119454235,1.0,1
5.0,1.0,1.0,0.0,1.0,1.0,0.0,0.0,1.0,0.0,5.0,29.0,3.8538632,0.0,0.0,0.0,0.0,1.7320375,0.46200654,0.4,1
1.0,1.0,0.0,0.0,0.0,0.0,0.0,0.0,0.0,0.0,1.0,39.0,4.16042,0.0,0.0,0.0,0.0,47.983078,0.0,0.0,0
5.0,0.0,1.0,1.0,1.0,0.0,0.0,0.0,1.0,0.0,5.0,29.0,3.8538632,0.0,0.0,0.0,0.0,2.5000253,0.6760073,0.8,1
2.0,1.0,1.0,0.0,0.0,0.0,0.0,0.0,0.0,0.0,2.0,29.0,4.164498,1.0,0.0,0.0,0.0,4.281509,1.4668941,0.0,1
3.0,0.0,0.0,0.0,0.0,1.0,1.0,0.0,0.0,0.0,3.0,53.666668,4.749128,0.0,0.0,0.0,0.0,54.637054,12.445944,0.0,0
2.0,0.0,0.0,0.0,0.0,0.0,0.0,1.0,0.0,0.0,2.0,54.5,4.567343,0.0,0.0,0.0,1.0,8.871904,2.852077,0.5,1
2.0,0.0,0.0,0.0,0.0,1.0,1.0,0.0,0.0,0.0,2.0,48.5,4.778678,0.0,0.0,0.0,0.0,58.417576,26.379768,0.0,0
5.0,0.0,0.0,1.0,1.0,0.0,0.0,0.0,0.0,1.0,3.0,28.666666,4.2439427,0.0,1.0,0.0,0.0,1.8280227,0.5179758,0.8,1
3.0,0.0,0.0,0.0,0.0,1.0,1.0,0.0,0.0,0.0,3.0,53.666668,4.749128,0.0,0.0,0.0,0.0,104.29141,21.447227,0.0,0
2.0,1.0,0.0,0.0,0.0,0.0,0.0,0.0,0.0,0.0,1.0,38.0,4.3988576,0.0,0.0,0.0,0.0,60.766457,0.28491023,0.0,0
1.0,1.0,0.0,0.0,0.0,0.0,0.0,0.0,0.0,0.0,1.0,19.0,3.5110855,0.0,0.0,0.0,0.0,47.66151,0.0,0.0,0
1.0,1.0,0.0,0.0,0.0,0.0,0.0,0.0,0.0,0.0,1.0,39.0,4.16042,0.0,0.0,0.0,0.0,45.428814,0.0,0.0,0
3.0,1.0,1.0,0.0,1.0,0.0,0.0,0.0,0.0,0.0,3.0,31.0,4.3578377,1.0,0.0,0.0,0.0,3.2878852,1.2284125,0.33333334,1
3.0,0.0,0.0,0.0,0.0,0.0,0.0,1.0,0.0,0.0,3.0,53.333332,4.567343,0.0,0.0,0.0,1.0,7.104561,2.7195363,0.33333334,1
5.0,1.0,0.0,1.0,1.0,1.0,0.0,0.0,1.0,0.0,5.0,29.0,3.8538632,0.0,0.0,0.0,0.0,1.5047834,0.2143544,0.6,1
2.0,1.0,0.0,0.0,0.0,0.0,0.0,0.0,1.0,0.0,2.0,42.5,4.509495,0.0,0.0,0.0,0.0,50.32579,14.1081085,0.5,0
2.0,1.0,0.0,0.0,0.0,0.0,0.0,0.0,0.0,0.0,1.0,38.0,4.3988576,0.0,0.0,0.0,0.0,54.443512,2.5555675,0.0,0
3.0,0.0,0.0,0.0,0.0,1.0,1.0,0.0,0.0,0.0,3.0,53.666668,4.749128,0.0,0.0,0.0,0.0,90.017456,33.869263,0.0,0
5.0,0.0,0.0,1.0,1.0,1.0,0.0,0.0,1.0,0.0,5.0,29.0,3.8538632,0.0,0.0,0.0,0.0,2.6829412,0.71884805,0.8,1
3.0,0.0,0.0,0.0,0.0,1.0,1.0,0.0,0.0,0.0,3.0,53.666668,4.749128,0.0,0.0,0.0,0.0,107.7385,27.615635,0.0,0
2.0,1.0,1.0,0.0,0.0,0.0,0.0,0.0,0.0,0.0,2.0,32.5,4.3578377,1.0,0.0,0.0,0.0,3.5410068,0.18860385,0.0,1
3.0,0.0,0.0,0.0,0.0,1.0,1.0,0.0,0.0,0.0,3.0,53.666668,4.749128,0.0,0.0,0.0,0.0,106.67791,16.689865,0.0,0
2.0,0.0,0.0,0.0,0.0,0.0,0.0,1.0,0.0,0.0,2.0,54.5,4.567343,0.0,0.0,0.0,1.0,9.497439,2.2640386,0.5,1
3.0,0.0,0.0,0.0,0.0,1.0,1.0,0.0,0.0,0.0,2.0,48.5,4.778678,0.0,0.0,0.0,0.0,62.85045,23.473595,0.0,0
2.0,1.0,1.0,0.0,0.0,0.0,0.0,0.0,0.0,0.0,2.0,25.5,4.015061,0.0,0.0,0.0,0.0,3.6862104,0.9737565,0.0,1
2.0,1.0,0.0,0.0,0.0,0.0,0.0,0.0,1.0,0.0,2.0,42.5,4.509495,0.0,0.0,0.0,0.0,64.13896,9.903371,0.5,0
5.0,1.0,1.0,0.0,1.0,1.0,0.0,0.0,1.0,0.0,5.0,29.0,3.8538632,0.0,0.0,0.0,0.0,1.9607396,0.8748296,0.4,1
1.0,1.0,0.0,0.0,0.0,0.0,0.0,0.0,0.0,0.0,1.0,38.0,4.165838,0.0,0.0,0.0,0.0,90.95918,0.0,0.0,0
4.0,1.0,1.0,0.0,0.0,1.0,0.0,0.0,1.0,0.0,4.0,29.0,3.8538632,0.0,0.0,0.0,0.0,2.0435624,0.5635512,0.25,1
1.0,1.0,0.0,0.0,0.0,0.0,0.0,0.0,0.0,0.0,1.0,39.0,4.16042,0.0,0.0,0.0,0.0,51.574844,0.0,0.0,0
3.0,0.0,0.0,0.0,0.0,1.0,1.0,0.0,0.0,0.0,3.0,53.666668,4.749128,0.0,0.0,0.0,0.0,91.141396,25.318993,0.0,0
4.0,0.0,1.0,0.0,0.0,1.0,0.0,0.0,1.0,0.0,4.0,29.0,3.8538632,0.0,0.0,0.0,0.0,2.596442,0.6008623,0.5,1
3.0,0.0,0.0,0.0,0.0,1.0,1.0,0.0,0.0,0.0,3.0,53.666668,4.749128,0.0,0.0,0.0,0.0,75.41173,11.976438,0.0,0
3.0,0.0,0.0,0.0,0.0,1.0,1.0,0.0,0.0,0.0,3.0,53.666668,4.749128,0.0,0.0,0.0,0.0,78.60099,34.111546,0.0,0
3.0,0.0,0.0,0.0,0.0,1.0,1.0,0.0,0.0,0.0,3.0,53.666668,4.749128,0.0,0.0,0.0,0.0,108.585556,19.768461,0.0,0
3.0,0.0,0.0,0.0,0.0,1.0,1.0,0.0,0.0,0.0,3.0,53.666668,4.749128,0.0,0.0,0.0,0.0,115.40222,43.497776,0.0,0
3.0,1.0,1.0,0.0,1.0,0.0,0.0,0.0,0.0,0.0,3.0,27.666666,4.282484,1.0,0.0,0.0,0.0,4.0579844,0.5061743,0.33333334,1
3.0,0.0,0.0,1.0,1.0,1.0,0.0,0.0,0.0,0.0,3.0,29.0,3.8538632,0.0,0.0,0.0,0.0,2.6811025,0.47344226,0.6666667,1
3.0,0.0,0.0,0.0,0.0,1.0,1.0,0.0,0.0,0.0,3.0,53.666668,4.749128,0.0,0.0,0.0,0.0,130.50717,15.536187,0.0,0
2.0,0.0,0.0,0.0,0.0,1.0,0.0,0.0,0.0,0.0,2.0,43.0,4.9019876,0.0,0.0,0.0,0.0,2.7868795,0.08943453,0.0,1
2.0,1.0,0.0,0.0,0.0,0.0,0.0,0.0,0.0,1.0,2.0,45.0,4.669485,0.0,0.0,0.0,0.0,59.518444,7.8198724,0.5,0
5.0,1.0,1.0,1.0,1.0,1.0,0.0,0.0,0.0,0.0,5.0,29.0,3.8538632,0.0,0.0,0.0,0.0,1.6404223,0.42325768,0.4,1
5.0,0.0,0.0,1.0,1.0,0.0,0.0,0.0,0.0,1.0,3.0,28.666666,4.2439427,0.0,1.0,0.0,0.0,2.1382492,0.86528146,0.8,1
1.0,1.0,0.0,0.0,0.0,0.0,0.0,0.0,0.0,0.0,1.0,38.0,4.165838,0.0,0.0,0.0,0.0,89.76974,0.0,0.0,0
2.0,1.0,1.0,0.0,0.0,0.0,0.0,0.0,0.0,0.0,2.0,25.5,4.015061,0.0,0.0,0.0,0.0,3.9205816,0.31208473,0.0,1
3.0,0.0,0.0,0.0,0.0,1.0,1.0,0.0,0.0,0.0,3.0,53.666668,4.749128,0.0,0.0,0.0,0.0,103.68252,34.2478,0.0,0
3.0,0.0,0.0,0.0,0.0,0.0,0.0,1.0,0.0,0.0,3.0,53.333332,4.567343,0.0,0.0,0.0,1.0,9.203992,2.176624,0.33333334,1
2.0,0.0,0.0,0.0,0.0,0.0,0.0,1.0,0.0,0.0,2.0,54.5,4.567343,0.0,0.0,0.0,1.0,11.410836,0.5841524,0.5,1
2.0,1.0,1.0,0.0,0.0,0.0,0.0,0.0,0.0,0.0,2.0,25.5,4.015061,0.0,0.0,0.0,0.0,4.0067854,0.005056166,0.0,1
2.0,1.0,0.0,0.0,0.0,0.0,0.0,0.0,0.0,1.0,2.0,45.0,4.669485,0.0,0.0,0.0,0.0,70.90436,7.9928665,0.5,0
2.0,0.0,0.0,0.0,0.0,1.0,0.0,0.0,0.0,0.0,2.0,43.0,4.9019876,0.0,0.0,0.0,0.0,7.0192924,0.2385784,0.0,1
3.0,0.0,0.0,0.0,0.0,1.0,1.0,0.0,0.0,0.0,3.0,53.666668,4.749128,0.0,0.0,0.0,0.0,132.08888,5.721871,0.0,0
2.0,0.0,0.0,0.0,0.0,0.0,0.0,1.0,0.0,0.0,2.0,54.5,4.567343,0.0,0.0,0.0,1.0,9.030036,0.06290686,0.5,1
1.0,1.0,0.0,0.0,0.0,0.0,0.0,0.0,0.0,0.0,1.0,19.0,3.5110855,0.0,0.0,0.0,0.0,40.829834,0.0,0.0,0
1.0,0.0,0.0,0.0,0.0,0.0,1.0,0.0,0.0,0.0,1.0,89.0,5.04289,0.0,0.0,0.0,0.0,80.05951,0.0,0.0,0
1.0,0.0,0.0,0.0,0.0,0.0,1.0,0.0,0.0,0.0,1.0,46.0,4.778678,0.0,0.0,0.0,0.0,41.685806,0.0,0.0,0
2.0,0.0,0.0,0.0,0.0,1.0,0.0,0.0,0.0,0.0,2.0,43.0,4.9019876,0.0,0.0,0.0,0.0,5.9163747,1.4041585,0.0,1
2.0,1.0,0.0,0.0,0.0,0.0,0.0,0.0,0.0,1.0,2.0,45.0,4.669485,0.0,0.0,0.0,0.0,57.041496,14.192993,0.5,0
3.0,0.0,0.0,0.0,0.0,0.0,0.0,1.0,0.0,0.0,3.0,53.333332,4.567343,0.0,0.0,0.0,1.0,9.714562,1.408202,0.33333334,1
5.0,0.0,0.0,1.0,1.0,0.0,0.0,0.0,0.0,1.0,3.0,28.0,4.2439427,0.0,1.0,0.0,0.0,2.185196,0.69444925,0.8,1
3.0,0.0,0.0,0.0,0.0,0.0,0.0,1.0,0.0,0.0,3.0,53.333332,4.567343,0.0,0.0,0.0,1.0,7.309829,2.0585237,0.33333334,1
2.0,1.0,1.0,0.0,0.0,0.0,0.0,0.0,0.0,0.0,2.0,25.5,4.015061,0.0,0.0,0.0,0.0,5.084741,0.20628053,0.0,1
3.0,0.0,0.0,1.0,0.0,0.0,0.0,0.0,1.0,0.0,3.0,30.666666,4.209867,0.0,1.0,0.0,0.0,2.50165,0.6783831,1.0,1
3.0,0.0,0.0,0.0,0.0,1.0,1.0,0.0,0.0,0.0,2.0,48.5,4.778678,0.0,0.0,0.0,0.0,50.68997,25.59713,0.0,0
2.0,1.0,1.0,0.0,0.0,0.0,0.0,0.0,0.0,0.0,2.0,25.5,4.015061,0.0,0.0,0.0,0.0,2.614111,0.20768921,0.0,1
3.0,0.0,0.0,0.0,0.0,1.0,1.0,0.0,0.0,0.0,3.0,53.666668,4.749128,0.0,0.0,0.0,0.0,108.46657,13.527336,0.0,0
3.0,0.0,0.0,0.0,0.0,1.0,1.0,0.0,0.0,0.0,3.0,53.666668,4.749128,0.0,0.0,0.0,0.0,120.64295,13.395276,0.0,0
3.0,0.0,0.0,0.0,0.0,1.0,1.0,0.0,0.0,0.0,3.0,53.666668,4.749128,0.0,0.0,0.0,0.0,107.263,29.609749,0.0,0
1.0,1.0,0.0,0.0,0.0,0.0,0.0,0.0,0.0,0.0,1.0,38.0,4.165838,0.0,0.0,0.0,0.0,61.68175,0.0,0.0,0
2.0,0.0,0.0,0.0,0.0,0.0,0.0,1.0,0.0,0.0,2.0,54.5,4.567343,0.0,0.0,0.0,1.0,9.393051,2.454371,0.5,1
2.0,1.0,0.0,0.0,0.0,0.0,0.0,0.0,0.0,1.0,2.0,45.0,4.669485,0.0,0.0,0.0,0.0,44.698704,5.208277,0.5,0
2.0,1.0,1.0,0.0,0.0,0.0,0.0,0.0,0.0,0.0,2.0,25.5,4.015061,0.0,0.0,0.0,0.0,2.5316136,0.21075669,0.0,1
2.0,0.0,0.0,0.0,0.0,1.0,1.0,0.0,0.0,0.0,2.0,70.0,5.04289,0.0,0.0,0.0,0.0,109.35046,9.587533,0.0,0
2.0,0.0,0.0,0.0,0.0,1.0,0.0,0.0,0.0,0.0,2.0,43.0,4.9019876,0.0,0.0,0.0,0.0,3.663549,0.024183448,0.0,1
2.0,1.0,0.0,0.0,0.0,0.0,0.0,0.0,0.0,1.0,2.0,45.0,4.669485,0.0,0.0,0.0,0.0,64.61563,4.816553,0.5,0
4.0,0.0,0.0,1.0,0.0,0.0,0.0,0.0,1.0,1.0,4.0,31.0,4.2439427,0.0,1.0,0.0,0.0,1.5505927,0.63580364,1.0,1
5.0,0.0,0.0,1.0,1.0,0.0,0.0,0.0,0.0,1.0,3.0,28.666666,4.2439427,0.0,1.0,0.0,0.0,1.3089591,0.3802938,0.8,1
2.0,1.0,1.0,0.0,0.0,0.0,0.0,0.0,0.0,0.0,2.0,25.5,4.015061,0.0,0.0,0.0,0.0,4.259696,0.46336338,0.0,1
2.0,0.0,0.0,0.0,0.0,1.0,0.0,0.0,0.0,0.0,2.0,43.0,4.9019876,0.0,0.0,0.0,0.0,4.8008056,1.082282,0.0,1
2.0,1.0,0.0,0.0,0.0,0.0,0.0,0.0,1.0,0.0,2.0,42.5,4.509495,0.0,0.0,0.0,0.0,46.86228,15.304751,0.5,0
3.0,0.0,0.0,0.0,0.0,1.0,1.0,0.0,0.0,0.0,3.0,53.666668,4.749128,0.0,0.0,0.0,0.0,85.710014,27.156576,0.0,0
3.0,1.0,1.0,0.0,1.0,0.0,0.0,0.0,0.0,0.0,3.0,28.666666,4.182006,1.0,0.0,0.0,0.0,2.8482645,1.0339997,0.33333334,1
2.0,1.0,0.0,0.0,0.0,0.0,0.0,0.0,1.0,0.0,2.0,42.5,4.509495,0.0,0.0,0.0,0.0,68.129616,11.601773,0.5,0
2.0,0.0,0.0,0.0,0.0,1.0,0.0,0.0,0.0,0.0,2.0,43.0,4.9019876,0.0,0.0,0.0,0.0,5.8640623,0.9979661,0.0,1
5.0,1.0,1.0,0.0,0.0,1.0,0.0,0.0,1.0,0.0,5.0,29.0,3.8538632,0.0,0.0,0.0,0.0,2.9545999,0.6197914,0.4,1
3.0,0.0,0.0,0.0,0.0,0.0,0.0,1.0,0.0,0.0,3.0,53.333332,4.567343,0.0,0.0,0.0,1.0,9.054142,2.3031065,0.33333334,1
2.0,1.0,1.0,0.0,0.0,0.0,0.0,0.0,0.0,0.0,2.0,27.5,4.282484,1.0,0.0,0.0,0.0,4.1470475,0.703603,0.0,1
5.0,0.0,0.0,1.0,1.0,0.0,0.0,0.0,0.0,1.0,3.0,30.666666,4.2439427,0.0,1.0,0.0,0.0,1.8549045,0.45932662,0.8,1
3.0,0.0,0.0,0.0,0.0,1.0,1.0,0.0,0.0,0.0,3.0,53.666668,4.749128,0.0,0.0,0.0,0.0,133.77689,11.173152,0.0,0
2.0,1.0,0.0,0.0,0.0,0.0,0.0,0.0,0.0,1.0,2.0,45.0,4.669485,0.0,0.0,0.0,0.0,49.766434,9.129493,0.5,0
1.0,1.0,0.0,0.0,0.0,0.0,0.0,0.0,0.0,0.0,1.0,39.0,4.16042,0.0,0.0,0.0,0.0,56.00684,0.0,0.0,0
1.0,0.0,0.0,0.0,0.0,0.0,1.0,0.0,0.0,0.0,1.0,46.0,4.778678,0.0,0.0,0.0,0.0,105.28974,0.0,0.0,0
3.0,0.0,0.0,0.0,0.0,1.0,1.0,0.0,0.0,0.0,2.0,70.0,5.04289,0.0,0.0,0.0,0.0,62.749817,21.108152,0.0,0
2.0,1.0,1.0,0.0,0.0,0.0,0.0,0.0,0.0,0.0,2.0,27.5,4.282484,1.0,0.0,0.0,0.0,3.6759872,0.37245768,0.0,1
3.0,0.0,0.0,1.0,0.0,0.0,0.0,0.0,1.0,0.0,3.0,29.0,3.8538632,0.0,0.0,0.0,0.0,1.9758613,0.2528819,1.0,1
4.0,0.0,1.0,1.0,0.0,0.0,0.0,0.0,1.0,0.0,4.0,29.0,3.8538632,0.0,0.0,0.0,0.0,2.3823404,1.0887924,0.75,1
2.0,1.0,1.0,0.0,0.0,0.0,0.0,0.0,0.0,0.0,2.0,25.5,4.015061,0.0,0.0,0.0,0.0,4.008301,0.30848473,0.0,1
2.0,0.0,0.0,0.0,0.0,0.0,0.0,1.0,0.0,0.0,2.0,54.5,4.567343,0.0,0.0,0.0,1.0,7.475043,2.5645025,0.5,1
3.0,0.0,0.0,0.0,0.0,0.0,0.0,1.0,0.0,0.0,3.0,53.333332,4.567343,0.0,0.0,0.0,1.0,8.886004,0.7030946,0.33333334,1
2.0,1.0,1.0,0.0,0.0,0.0,0.0,0.0,0.0,0.0,2.0,25.5,4.015061,0.0,0.0,0.0,0.0,3.8186483,1.6269115,0.0,1
4.0,0.0,0.0,1.0,0.0,0.0,0.0,0.0,1.0,1.0,4.0,31.5,4.2439427,0.0,1.0,0.0,0.0,1.7027935,0.39085722,1.0,1
2.0,0.0,0.0,0.0,0.0,1.0,0.0,0.0,0.0,0.0,2.0,43.0,4.9019876,0.0,0.0,0.0,0.0,5.8108172,0.5593745,0.0,1
2.0,1.0,0.0,0.0,0.0,0.0,0.0,0.0,0.0,1.0,2.0,45.0,4.669485,0.0,0.0,0.0,0.0,58.477814,8.624254,0.5,0
2.0,1.0,1.0,0.0,0.0,0.0,0.0,0.0,0.0,0.0,2.0,25.5,4.015061,0.0,0.0,0.0,0.0,5.1207266,0.103341736,0.0,1
3.0,0.0,0.0,0.0,0.0,1.0,1.0,0.0,0.0,0.0,3.0,53.666668,4.749128,0.0,0.0,0.0,0.0,85.55343,26.691011,0.0,0
2.0,0.0,0.0,0.0,0.0,0.0,0.0,1.0,0.0,0.0,2.0,54.5,4.567343,0.0,0.0,0.0,1.0,9.67779,0.73278755,0.5,1
2.0,1.0,0.0,0.0,0.0,0.0,0.0,0.0,0.0,1.0,2.0,45.0,4.669485,0.0,0.0,0.0,0.0,43.564373,8.271216,0.5,0
2.0,1.0,1.0,0.0,0.0,0.0,0.0,0.0,0.0,0.0,2.0,25.5,4.015061,0.0,0.0,0.0,0.0,3.6095262,0.22434273,0.0,1
2.0,0.0,0.0,0.0,0.0,0.0,0.0,1.0,0.0,0.0,2.0,54.5,4.567343,0.0,0.0,0.0,1.0,6.004805,0.65974367,0.5,1
3.0,0.0,0.0,0.0,0.0,1.0,1.0,0.0,0.0,0.0,2.0,47.5,4.778678,0.0,0.0,0.0,0.0,86.900925,23.55005,0.0,0
2.0,1.0,1.0,0.0,0.0,0.0,0.0,0.0,0.0,0.0,2.0,32.5,4.3578377,1.0,0.0,0.0,0.0,3.2992592,0.91153616,0.0,1
2.0,0.0,0.0,0.0,0.0,1.0,1.0,0.0,0.0,0.0,2.0,48.5,4.778678,0.0,0.0,0.0,0.0,96.93034,0.25798792,0.0,0
2.0,0.0,0.0,0.0,0.0,1.0,0.0,0.0,0.0,0.0,2.0,43.0,4.9019876,0.0,0.0,0.0,0.0,6.98119,0.94473535,0.0,1
4.0,1.0,0.0,1.0,0.0,1.0,0.0,0.0,1.0,0.0,4.0,29.0,3.8538632,0.0,0.0,0.0,0.0,1.8069057,0.4148056,0.5,1
2.0,1.0,0.0,0.0,0.0,0.0,0.0,0.0,1.0,0.0,2.0,42.5,4.509495,0.0,0.0,0.0,0.0,42.720097,9.875595,0.5,0
3.0,0.0,0.0,0.0,0.0,1.0,1.0,0.0,0.0,0.0,2.0,47.5,4.778678,0.0,0.0,0.0,0.0,82.28012,13.175358,0.0,0
3.0,0.0,0.0,0.0,0.0,1.0,1.0,0.0,0.0,0.0,3.0,53.666668,4.749128,0.0,0.0,0.0,0.0,101.19469,32.391647,0.0,0
1.0,1.0,0.0,0.0,0.0,0.0,0.0,0.0,0.0,0.0,1.0,39.0,4.16042,0.0,0.0,0.0,0.0,62.031387,0.0,0.0,0
2.0,1.0,0.0,0.0,0.0,0.0,0.0,0.0,0.0,0.0,1.0,38.0,4.3988576,0.0,0.0,0.0,0.0,48.261406,14.044949,0.0,0
4.0,1.0,0.0,0.0,0.0,1.0,0.0,0.0,1.0,0.0,4.0,29.0,3.8538632,0.0,0.0,0.0,0.0,2.832787,0.7224643,0.5,1
3.0,0.0,0.0,0.0,0.0,1.0,1.0,0.0,0.0,0.0,2.0,70.0,5.04289,0.0,0.0,0.0,0.0,65.35024,9.217151,0.0,0
5.0,1.0,1.0,1.0,1.0,0.0,0.0,0.0,0.0,0.0,5.0,29.0,3.8538632,0.0,0.0,0.0,0.0,2.9252682,0.5795912,0.6,1
3.0,0.0,0.0,0.0,1.0,1.0,0.0,0.0,0.0,0.0,3.0,29.0,3.8538632,0.0,0.0,0.0,0.0,2.0997636,0.63675356,0.6666667,1
3.0,0.0,0.0,0.0,0.0,1.0,1.0,0.0,0.0,0.0,2.0,48.5,4.778678,0.0,0.0,0.0,0.0,65.478424,37.02966,0.0,0
2.0,1.0,1.0,0.0,0.0,0.0,0.0,0.0,0.0,0.0,2.0,25.5,4.015061,0.0,0.0,0.0,0.0,4.085968,1.41395,0.0,1
2.0,0.0,0.0,0.0,0.0,0.0,0.0,1.0,0.0,0.0,2.0,54.5,4.567343,0.0,0.0,0.0,1.0,8.189842,0.12832418,0.5,1
3.0,0.0,0.0,0.0,0.0,1.0,1.0,0.0,0.0,0.0,2.0,70.0,5.04289,0.0,0.0,0.0,0.0,54.524265,19.270927,0.0,0
1.0,1.0,0.0,0.0,0.0,0.0,0.0,0.0,0.0,0.0,1.0,19.0,3.5110855,0.0,0.0,0.0,0.0,61.260403,0.0,0.0,0
5.0,1.0,0.0,0.0,1.0,1.0,0.0,0.0,1.0,0.0,5.0,29.0,3.8538632,0.0,0.0,0.0,0.0,2.8041632,0.9154469,0.6,1
1.0,1.0,0.0,0.0,0.0,0.0,0.0,0.0,0.0,0.0,1.0,38.0,4.165838,0.0,0.0,0.0,0.0,75.69841,0.0,0.0,0
3.0,0.0,0.0,0.0,0.0,1.0,1.0,0.0,0.0,0.0,3.0,53.666668,4.749128,0.0,0.0,0.0,0.0,81.26189,8.09631,0.0,0
1.0,1.0,0.0,0.0,0.0,0.0,0.0,0.0,0.0,0.0,1.0,39.0,4.16042,0.0,0.0,0.0,0.0,83.075554,0.0,0.0,0
2.0,0.0,0.0,0.0,0.0,0.0,0.0,1.0,0.0,0.0,2.0,54.5,4.567343,0.0,0.0,0.0,1.0,10.061184,0.9317516,0.5,1
3.0,0.0,0.0,0.0,0.0,1.0,1.0,0.0,0.0,0.0,2.0,47.5,4.778678,0.0,0.0,0.0,0.0,46.961044,14.951128,0.0,0
3.0,0.0,0.0,0.0,0.0,1.0,1.0,0.0,0.0,0.0,3.0,53.666668,4.749128,0.0,0.0,0.0,0.0,106.6938,40.247044,0.0,0
1.0,0.0,0.0,0.0,0.0,0.0,1.0,0.0,0.0,0.0,1.0,46.0,4.778678,0.0,0.0,0.0,0.0,72.690674,0.0,0.0,0
3.0,1.0,1.0,0.0,1.0,0.0,0.0,0.0,0.0,0.0,3.0,27.666666,4.282484,1.0,0.0,0.0,0.0,4.1972847,1.8253579,0.33333334,1
1.0,1.0,0.0,0.0,0.0,0.0,0.0,0.0,0.0,0.0,1.0,39.0,4.16042,0.0,0.0,0.0,0.0,37.29819,0.0,0.0,0
3.0,0.0,0.0,0.0,0.0,1.0,1.0,0.0,0.0,0.0,3.0,53.666668,4.749128,0.0,0.0,0.0,0.0,96.48136,29.145918,0.0,0
2.0,1.0,1.0,0.0,0.0,0.0,0.0,0.0,0.0,0.0,2.0,27.5,4.282484,1.0,0.0,0.0,0.0,3.954496,1.3028381,0.0,1
3.0,0.0,0.0,0.0,0.0,1.0,1.0,0.0,0.0,0.0,3.0,53.666668,4.749128,0.0,0.0,0.0,0.0,65.682785,9.530199,0.0,0
2.0,1.0,1.0,0.0,0.0,0.0,0.0,0.0,0.0,0.0,2.0,25.5,4.015061,0.0,0.0,0.0,0.0,4.208084,0.028247036,0.0,1
2.0,1.0,1.0,0.0,0.0,0.0,0.0,0.0,0.0,0.0,2.0,25.5,4.015061,0.0,0.0,0.0,0.0,3.0730553,1.0155314,0.0,1
1.0,1.0,0.0,0.0,0.0,0.0,0.0,0.0,0.0,0.0,1.0,19.0,3.5110855,0.0,0.0,0.0,0.0,43.61461,0.0,0.0,0
2.0,0.0,0.0,0.0,0.0,1.0,0.0,0.0,0.0,0.0,2.0,43.0,4.9019876,0.0,0.0,0.0,0.0,5.0395694,0.5990811,0.0,1
3.0,0.0,0.0,1.0,1.0,0.0,0.0,0.0,0.0,0.0,3.0,29.0,3.8538632,0.0,0.0,0.0,0.0,3.2838979,0.5041373,1.0,1
1.0,0.0,0.0,0.0,0.0,0.0,1.0,0.0,0.0,0.0,1.0,89.0,5.04289,0.0,0.0,0.0,0.0,85.388725,0.0,0.0,0
2.0,1.0,0.0,0.0,0.0,0.0,0.0,0.0,0.0,0.0,1.0,38.0,4.3988576,0.0,0.0,0.0,0.0,50.119057,19.306944,0.0,0
5.0,0.0,1.0,1.0,1.0,0.0,0.0,0.0,1.0,0.0,5.0,29.0,3.8538632,0.0,0.0,0.0,0.0,2.414854,0.9367449,0.8,1
4.0,1.0,1.0,1.0,0.0,0.0,0.0,0.0,1.0,0.0,4.0,29.0,3.8538632,0.0,0.0,0.0,0.0,2.4236689,1.1066538,0.5,1
1.0,0.0,0.0,0.0,0.0,0.0,1.0,0.0,0.0,0.0,1.0,46.0,4.778678,0.0,0.0,0.0,0.0,118.96666,0.0,0.0,0
2.0,1.0,0.0,0.0,0.0,0.0,0.0,0.0,0.0,1.0,2.0,45.0,4.669485,0.0,0.0,0.0,0.0,53.60986,14.0546875,0.5,0
1.0,0.0,1.0,0.0,0.0,0.0,0.0,0.0,0.0,0.0,1.0,28.0,4.164498,1.0,0.0,0.0,0.0,2.7294748,0.0,0.0,1
3.0,0.0,0.0,0.0,0.0,1.0,1.0,0.0,0.0,0.0,3.0,53.666668,4.749128,0.0,0.0,0.0,0.0,132.6725,7.717047,0.0,0
3.0,0.0,0.0,1.0,0.0,0.0,0.0,0.0,1.0,0.0,3.0,28.0,4.209867,0.0,1.0,0.0,0.0,2.5469987,0.5299108,1.0,1
3.0,0.0,0.0,0.0,0.0,1.0,1.0,0.0,0.0,0.0,3.0,53.666668,4.749128,0.0,0.0,0.0,0.0,95.13646,34.300392,0.0,0
2.0,1.0,0.0,0.0,0.0,0.0,0.0,0.0,0.0,1.0,2.0,45.0,4.669485,0.0,0.0,0.0,0.0,48.524704,14.521257,0.5,0
2.0,0.0,0.0,0.0,0.0,1.0,0.0,0.0,0.0,0.0,2.0,43.0,4.9019876,0.0,0.0,0.0,0.0,4.931846,1.5152999,0.0,1
2.0,1.0,1.0,0.0,0.0,0.0,0.0,0.0,0.0,0.0,2.0,25.5,4.015061,0.0,0.0,0.0,0.0,3.5966866,1.4484435,0.0,1
2.0,1.0,1.0,0.0,0.0,0.0,0.0,0.0,0.0,0.0,2.0,25.5,4.015061,0.0,0.0,0.0,0.0,4.1955194,1.2345759,0.0,1
3.0,0.0,0.0,0.0,0.0,1.0,1.0,0.0,0.0,0.0,2.0,48.5,4.778678,0.0,0.0,0.0,0.0,70.06074,23.026573,0.0,0
2.0,0.0,0.0,0.0,0.0,1.0,0.0,0.0,0.0,0.0,2.0,43.0,4.9019876,0.0,0.0,0.0,0.0,5.56972,0.6597691,0.0,1
5.0,0.0,0.0,1.0,1.0,0.0,0.0,0.0,0.0,1.0,3.0,28.666666,4.2439427,0.0,1.0,0.0,0.0,1.8515764,0.8548544,0.8,1
2.0,1.0,1.0,0.0,0.0,0.0,0.0,0.0,0.0,0.0,2.0,25.5,4.015061,0.0,0.0,0.0,0.0,4.339761,0.33103472,0.0,1
3.0,0.0,0.0,0.0,0.0,1.0,1.0,0.0,0.0,0.0,3.0,53.666668,4.749128,0.0,0.0,0.0,0.0,96.96516,34.467773,0.0,0
3.0,0.0,0.0,1.0,0.0,0.0,0.0,0.0,1.0,0.0,3.0,28.0,4.209867,0.0,1.0,0.0,0.0,1.8893931,0.33206257,1.0,1
2.0,1.0,1.0,0.0,0.0,0.0,0.0,0.0,0.0,0.0,2.0,25.5,4.015061,0.0,0.0,0.0,0.0,3.4462833,0.6952868,0.0,1
3.0,0.0,0.0,0.0,0.0,1.0,1.0,0.0,0.0,0.0,3.0,53.666668,4.749128,0.0,0.0,0.0,0.0,55.031822,5.6644497,0.0,0
4.0,0.0,0.0,1.0,1.0,0.0,0.0,0.0,1.0,0.0,4.0,29.0,3.8538632,0.0,0.0,0.0,0.0,2.3873925,0.5297708,1.0,1
5.0,1.0,1.0,1.0,1.0,0.0,0.0,0.0,1.0,0.0,5.0,29.0,3.8538632,0.0,0.0,0.0,0.0,2.7213118,0.82936716,0.6,1
3.0,0.0,0.0,0.0,0.0,1.0,1.0,0.0,0.0,0.0,3.0,53.666668,4.749128,0.0,0.0,0.0,0.0,112.13276,11.8190565,0.0,0
2.0,0.0,0.0,0.0,0.0,0.0,0.0,1.0,0.0,0.0,2.0,52.5,4.545289,0.0,0.0,0.0,1.0,10.873858,1.1229016,0.5,1
3.0,0.0,0.0,0.0,0.0,1.0,1.0,0.0,0.0,0.0,3.0,53.666668,4.749128,0.0,0.0,0.0,0.0,108.547226,43.254707,0.0,0
3.0,0.0,0.0,0.0,0.0,1.0,1.0,0.0,0.0,0.0,3.0,53.666668,4.749128,0.0,0.0,0.0,0.0,80.75602,18.97836,0.0,0
1.0,1.0,0.0,0.0,0.0,0.0,0.0,0.0,0.0,0.0,1.0,39.0,4.16042,0.0,0.0,0.0,0.0,60.957096,0.0,0.0,0
2.0,0.0,0.0,0.0,0.0,1.0,1.0,0.0,0.0,0.0,2.0,47.5,4.778678,0.0,0.0,0.0,0.0,48.1476,7.505174,0.0,0
2.0,1.0,0.0,0.0,0.0,0.0,0.0,0.0,0.0,0.0,1.0,38.0,4.3988576,0.0,0.0,0.0,0.0,73.52149,1.2248052,0.0,0
5.0,1.0,1.0,1.0,1.0,0.0,0.0,0.0,0.0,0.0,5.0,29.0,3.8538632,0.0,0.0,0.0,0.0,2.5654733,0.52996117,0.6,1
2.0,1.0,0.0,0.0,0.0,0.0,0.0,0.0,0.0,0.0,1.0,38.0,4.3988576,0.0,0.0,0.0,0.0,52.624386,20.564672,0.0,0
5.0,1.0,1.0,0.0,1.0,1.0,0.0,0.0,1.0,0.0,5.0,29.0,3.8538632,0.0,0.0,0.0,0.0,2.806309,0.6519537,0.4,1
4.0,0.0,0.0,1.0,1.0,1.0,0.0,0.0,0.0,0.0,4.0,29.0,3.8538632,0.0,0.0,0.0,0.0,2.0337527,0.34926236,0.75,1
4.0,1.0,0.0,0.0,1.0,1.0,0.0,0.0,1.0,0.0,4.0,29.0,3.8538632,0.0,0.0,0.0,0.0,2.2176752,0.7567728,0.5,1
2.0,1.0,1.0,0.0,0.0,0.0,0.0,0.0,0.0,0.0,2.0,25.5,4.015061,0.0,0.0,0.0,0.0,2.6032784,0.26443765,0.0,1
2.0,1.0,1.0,0.0,0.0,0.0,0.0,0.0,0.0,0.0,2.0,25.5,4.015061,0.0,0.0,0.0,0.0,4.2440224,0.78055096,0.0,1
1.0,1.0,0.0,0.0,0.0,0.0,0.0,0.0,0.0,0.0,1.0,38.0,4.165838,0.0,0.0,0.0,0.0,91.02509,0.0,0.0,0
1.0,1.0,0.0,0.0,0.0,0.0,0.0,0.0,0.0,0.0,1.0,39.0,4.16042,0.0,0.0,0.0,0.0,64.895935,0.0,0.0,0
3.0,0.0,0.0,0.0,0.0,1.0,1.0,0.0,0.0,0.0,3.0,53.666668,4.749128,0.0,0.0,0.0,0.0,93.771484,35.439285,0.0,0
2.0,1.0,1.0,0.0,0.0,0.0,0.0,0.0,0.0,0.0,2.0,25.5,4.015061,0.0,0.0,0.0,0.0,4.0682044,1.3151989,0.0,1
3.0,1.0,1.0,0.0,1.0,0.0,0.0,0.0,0.0,0.0,3.0,31.0,4.3578377,1.0,0.0,0.0,0.0,4.6693335,0.4619038,0.33333334,1
2.0,1.0,1.0,0.0,0.0,0.0,0.0,0.0,0.0,0.0,2.0,32.5,4.3578377,1.0,0.0,0.0,0.0,2.3964176,0.2937104,0.0,1
2.0,1.0,1.0,0.0,0.0,0.0,0.0,0.0,0.0,0.0,2.0,25.5,4.015061,0.0,0.0,0.0,0.0,3.3414083,0.06062747,0.0,1
1.0,1.0,0.0,0.0,0.0,0.0,0.0,0.0,0.0,0.0,1.0,38.0,4.165838,0.0,0.0,0.0,0.0,68.193375,0.0,0.0,0
2.0,0.0,0.0,0.0,0.0,1.0,0.0,0.0,0.0,0.0,2.0,43.0,4.9019876,0.0,0.0,0.0,0.0,5.2505817,0.27363244,0.0,1
2.0,0.0,0.0,0.0,0.0,1.0,1.0,0.0,0.0,0.0,2.0,47.5,4.778678,0.0,0.0,0.0,0.0,89.599335,29.145493,0.0,0
2.0,1.0,0.0,0.0,0.0,0.0,0.0,0.0,0.0,1.0,2.0,45.0,4.669485,0.0,0.0,0.0,0.0,47.70451,7.751616,0.5,0
2.0,0.0,0.0,0.0,0.0,1.0,1.0,0.0,0.0,0.0,2.0,47.5,4.778678,0.0,0.0,0.0,0.0,87.85668,13.520075,0.0,0
2.0,0.0,0.0,0.0,0.0,1.0,0.0,0.0,0.0,0.0,2.0,43.0,4.9019876,0.0,0.0,0.0,0.0,5.4456615,2.1768663,0.0,1
2.0,1.0,1.0,0.0,0.0,0.0,0.0,0.0,0.0,0.0,2.0,25.5,4.015061,0.0,0.0,0.0,0.0,5.027386,0.43976867,0.0,1
3.0,0.0,0.0,0.0,0.0,0.0,0.0,1.0,0.0,0.0,3.0,53.333332,4.567343,0.0,0.0,0.0,1.0,9.518317,0.97249347,0.33333334,1
3.0,1.0,1.0,0.0,1.0,0.0,0.0,0.0,0.0,0.0,3.0,31.0,4.3578377,1.0,0.0,0.0,0.0,4.8561096,0.7630594,0.33333334,1
3.0,0.0,0.0,0.0,0.0,1.0,1.0,0.0,0.0,0.0,2.0,48.5,4.778678,0.0,0.0,0.0,0.0,104.99433,8.40265,0.0,0
3.0,0.0,0.0,0.0,0.0,1.0,1.0,0.0,0.0,0.0,2.0,70.0,5.04289,0.0,0.0,0.0,0.0,88.96734,10.228411,0.0,0
3.0,0.0,1.0,1.0,0.0,0.0,0.0,0.0,0.0,0.0,3.0,29.0,3.8538632,0.0,0.0,0.0,0.0,2.0506032,0.33927095,0.6666667,1
3.0,0.0,0.0,1.0,0.0,0.0,0.0,0.0,1.0,0.0,3.0,28.0,4.209867,0.0,1.0,0.0,0.0,3.1114798,0.16357666,1.0,1
3.0,0.0,0.0,0.0,0.0,1.0,1.0,0.0,0.0,0.0,2.0,69.0,5.04289,0.0,0.0,0.0,0.0,89.51705,21.666256,0.0,0
3.0,0.0,0.0,1.0,0.0,0.0,0.0,0.0,1.0,0.0,3.0,28.0,4.209867,0.0,1.0,0.0,0.0,2.1217434,0.53942126,1.0,1
2.0,1.0,0.0,0.0,0.0,0.0,0.0,0.0,0.0,0.0,1.0,38.0,4.3988576,0.0,0.0,0.0,0.0,66.03794,11.828933,0.0,0
2.0,0.0,0.0,0.0,0.0,0.0,0.0,1.0,0.0,0.0,2.0,54.5,4.567343,0.0,0.0,0.0,1.0,11.6949835,0.163099,0.5,1
1.0,1.0,0.0,0.0,0.0,0.0,0.0,0.0,0.0,0.0,1.0,19.0,3.5110855,0.0,0.0,0.0,0.0,77.29929,0.0,0.0,0
3.0,0.0,0.0,0.0,0.0,0.0,0.0,1.0,0.0,0.0,3.0,53.333332,4.567343,0.0,0.0,0.0,1.0,9.340169,2.2744582,0.33333334,1
5.0,1.0,1.0,0.0,1.0,1.0,0.0,0.0,1.0,0.0,5.0,29.0,3.8538632,0.0,0.0,0.0,0.0,2.5938349,1.1950772,0.4,1
1.0,1.0,0.0,0.0,0.0,0.0,0.0,0.0,0.0,0.0,1.0,39.0,4.16042,0.0,0.0,0.0,0.0,84.6771,0.0,0.0,0
2.0,0.0,0.0,0.0,0.0,1.0,0.0,0.0,0.0,0.0,2.0,43.0,4.9019876,0.0,0.0,0.0,0.0,4.7919717,1.5369705,0.0,1
1.0,1.0,0.0,0.0,0.0,0.0,0.0,0.0,0.0,0.0,1.0,39.0,4.16042,0.0,0.0,0.0,0.0,38.045925,0.0,0.0,0
1.0,1.0,0.0,0.0,0.0,0.0,0.0,0.0,0.0,0.0,1.0,19.0,3.5110855,0.0,0.0,0.0,0.0,48.970192,0.0,0.0,0
3.0,0.0,0.0,0.0,0.0,0.0,0.0,1.0,0.0,0.0,3.0,53.333332,4.567343,0.0,0.0,0.0,1.0,7.4428344,1.7916586,0.33333334,1
1.0,1.0,0.0,0.0,0.0,0.0,0.0,0.0,0.0,0.0,1.0,38.0,4.165838,0.0,0.0,0.0,0.0,74.17357,0.0,0.0,0
3.0,0.0,0.0,0.0,0.0,1.0,1.0,0.0,0.0,0.0,3.0,53.666668,4.749128,0.0,0.0,0.0,0.0,100.163345,34.752663,0.0,0
3.0,0.0,1.0,1.0,0.0,0.0,0.0,0.0,0.0,0.0,3.0,29.0,3.8538632,0.0,0.0,0.0,0.0,2.8212397,0.80686843,0.6666667,1
3.0,0.0,0.0,1.0,0.0,0.0,0.0,0.0,1.0,0.0,3.0,30.666666,4.209867,0.0,1.0,0.0,0.0,2.4258192,1.0856049,1.0,1
1.0,1.0,0.0,0.0,0.0,0.0,0.0,0.0,0.0,0.0,1.0,19.0,3.5110855,0.0,0.0,0.0,0.0,92.72788,0.0,0.0,0
2.0,0.0,0.0,0.0,0.0,1.0,1.0,0.0,0.0,0.0,2.0,70.0,5.04289,0.0,0.0,0.0,0.0,85.016106,28.187105,0.0,0
5.0,1.0,1.0,0.0,0.0,1.0,0.0,0.0,1.0,0.0,5.0,29.0,3.8538632,0.0,0.0,0.0,0.0,1.710479,0.36155668,0.4,1
4.0,1.0,1.0,0.0,1.0,0.0,0.0,0.0,0.0,0.0,4.0,29.0,3.8538632,0.0,0.0,0.0,0.0,3.0667555,0.8924034,0.5,1
1.0,0.0,0.0,0.0,0.0,0.0,1.0,0.0,0.0,0.0,1.0,89.0,5.04289,0.0,0.0,0.0,0.0,118.26009,0.0,0.0,0
4.0,0.0,0.0,1.0,0.0,0.0,0.0,0.0,1.0,1.0,4.0,31.5,4.2439427,0.0,1.0,0.0,0.0,1.7631774,0.17914236,1.0,1
1.0,0.0,0.0,0.0,0.0,0.0,1.0,0.0,0.0,0.0,1.0,89.0,5.04289,0.0,0.0,0.0,0.0,30.901812,0.0,0.0,0
2.0,0.0,0.0,0.0,0.0,0.0,0.0,1.0,0.0,0.0,2.0,54.5,4.567343,0.0,0.0,0.0,1.0,7.631748,0.38841543,0.5,1
2.0,1.0,0.0,0.0,0.0,0.0,0.0,0.0,0.0,0.0,1.0,38.0,4.3988576,0.0,0.0,0.0,0.0,55.838654,19.967867,0.0,0
2.0,0.0,0.0,0.0,0.0,1.0,0.0,0.0,0.0,0.0,2.0,43.0,4.9019876,0.0,0.0,0.0,0.0,5.740077,2.0254061,0.0,1
2.0,1.0,1.0,0.0,0.0,0.0,0.0,0.0,0.0,0.0,2.0,25.5,4.015061,0.0,0.0,0.0,0.0,4.368579,0.2484928,0.0,1
2.0,0.0,0.0,0.0,0.0,1.0,0.0,0.0,0.0,0.0,2.0,43.0,4.9019876,0.0,0.0,0.0,0.0,7.0929055,0.4274775,0.0,1
1.0,1.0,0.0,0.0,0.0,0.0,0.0,0.0,0.0,0.0,1.0,39.0,4.16042,0.0,0.0,0.0,0.0,75.82052,0.0,0.0,0
3.0,0.0,0.0,0.0,0.0,1.0,1.0,0.0,0.0,0.0,2.0,48.5,4.778678,0.0,0.0,0.0,0.0,47.294266,22.142763,0.0,0
1.0,1.0,0.0,0.0,0.0,0.0,0.0,0.0,0.0,0.0,1.0,19.0,3.5110855,0.0,0.0,0.0,0.0,67.19961,0.0,0.0,0
2.0,0.0,0.0,0.0,0.0,1.0,0.0,0.0,0.0,0.0,2.0,43.0,4.9019876,0.0,0.0,0.0,0.0,5.5858736,0.6557504,0.0,1
3.0,0.0,0.0,0.0,0.0,1.0,1.0,0.0,0.0,0.0,3.0,53.666668,4.749128,0.0,0.0,0.0,0.0,91.70033,32.38485,0.0,0
2.0,0.0,0.0,0.0,0.0,1.0,0.0,0.0,0.0,0.0,2.0,43.0,4.9019876,0.0,0.0,0.0,0.0,5.1931734,0.4083382,0.0,1
2.0,1.0,0.0,0.0,0.0,0.0,0.0,0.0,0.0,0.0,1.0,38.0,4.3988576,0.0,0.0,0.0,0.0,36.905693,5.817169,0.0,0
5.0,0.0,0.0,1.0,1.0,0.0,0.0,0.0,0.0,1.0,3.0,30.666666,4.2439427,0.0,1.0,0.0,0.0,2.086434,1.1142119,0.8,1
2.0,1.0,1.0,0.0,0.0,0.0,0.0,0.0,0.0,0.0,2.0,25.5,4.015061,0.0,0.0,0.0,0.0,2.771053,0.65998113,0.0,1
3.0,0.0,0.0,0.0,0.0,1.0,1.0,0.0,0.0,0.0,3.0,53.666668,4.749128,0.0,0.0,0.0,0.0,102.858826,25.10297,0.0,0
3.0,0.0,0.0,0.0,0.0,1.0,1.0,0.0,0.0,0.0,3.0,53.666668,4.749128,0.0,0.0,0.0,0.0,103.072845,15.409582,0.0,0
2.0,1.0,0.0,0.0,0.0,0.0,0.0,0.0,0.0,1.0,2.0,45.0,4.669485,0.0,0.0,0.0,0.0,47.893303,8.969622,0.5,0
1.0,1.0,0.0,0.0,0.0,0.0,0.0,0.0,0.0,0.0,1.0,39.0,4.16042,0.0,0.0,0.0,0.0,80.370766,0.0,0.0,0
3.0,0.0,0.0,0.0,0.0,1.0,1.0,0.0,0.0,0.0,3.0,53.666668,4.749128,0.0,0.0,0.0,0.0,104.162224,7.038913,0.0,0
1.0,1.0,0.0,0.0,0.0,0.0,0.0,0.0,0.0,0.0,1.0,38.0,4.165838,0.0,0.0,0.0,0.0,55.769585,0.0,0.0,0
3.0,0.0,0.0,1.0,0.0,1.0,0.0,0.0,1.0,0.0,3.0,29.0,3.8538632,0.0,0.0,0.0,0.0,3.4402025,0.42498404,0.6666667,1
2.0,1.0,1.0,0.0,0.0,0.0,0.0,0.0,0.0,0.0,2.0,29.0,4.164498,1.0,0.0,0.0,0.0,2.9205627,1.2694694,0.0,1
2.0,0.0,0.0,0.0,0.0,1.0,1.0,0.0,0.0,0.0,2.0,47.5,4.778678,0.0,0.0,0.0,0.0,71.48933,4.7878575,0.0,0
2.0,0.0,0.0,0.0,0.0,1.0,1.0,0.0,0.0,0.0,2.0,70.0,5.04289,0.0,0.0,0.0,0.0,98.496925,4.0027666,0.0,0
2.0,0.0,0.0,0.0,0.0,1.0,0.0,0.0,0.0,0.0,2.0,43.0,4.9019876,0.0,0.0,0.0,0.0,6.875032,0.12607177,0.0,1
5.0,0.0,0.0,1.0,1.0,0.0,0.0,0.0,0.0,1.0,3.0,28.0,4.2439427,0.0,1.0,0.0,0.0,2.101797,0.97659016,0.8,1
3.0,0.0,0.0,0.0,0.0,1.0,1.0,0.0,0.0,0.0,3.0,53.666668,4.749128,0.0,0.0,0.0,0.0,74.72882,22.965063,0.0,0
3.0,0.0,0.0,0.0,0.0,1.0,1.0,0.0,0.0,0.0,3.0,53.666668,4.749128,0.0,0.0,0.0,0.0,95.765,22.127773,0.0,0
2.0,1.0,1.0,0.0,0.0,0.0,0.0,0.0,0.0,0.0,2.0,25.5,4.015061,0.0,0.0,0.0,0.0,3.2631626,0.6195862,0.0,1
3.0,0.0,0.0,1.0,0.0,0.0,0.0,0.0,1.0,0.0,3.0,28.0,4.209867,0.0,1.0,0.0,0.0,1.3985008,0.47061017,1.0,1
2.0,1.0,1.0,0.0,0.0,0.0,0.0,0.0,0.0,0.0,2.0,25.5,4.015061,0.0,0.0,0.0,0.0,3.2099142,0.7405895,0.0,1
3.0,0.0,0.0,1.0,0.0,0.0,0.0,0.0,1.0,0.0,3.0,28.0,4.209867,0.0,1.0,0.0,0.0,1.6099412,0.43058574,1.0,1
1.0,1.0,0.0,0.0,0.0,0.0,0.0,0.0,0.0,0.0,1.0,39.0,4.16042,0.0,0.0,0.0,0.0,51.107697,0.0,0.0,0
2.0,0.0,0.0,0.0,0.0,1.0,1.0,0.0,0.0,0.0,2.0,69.0,5.04289,0.0,0.0,0.0,0.0,89.071236,18.528784,0.0,0
2.0,1.0,1.0,0.0,0.0,0.0,0.0,0.0,0.0,0.0,2.0,27.5,4.282484,1.0,0.0,0.0,0.0,3.9286358,1.9007131,0.0,1
3.0,0.0,0.0,0.0,0.0,1.0,1.0,0.0,0.0,0.0,3.0,53.666668,4.749128,0.0,0.0,0.0,0.0,124.84066,11.141437,0.0,0
5.0,0.0,0.0,1.0,1.0,0.0,0.0,0.0,0.0,1.0,3.0,28.666666,4.2439427,0.0,1.0,0.0,0.0,2.0477493,0.484154,0.8,1
3.0,0.0,0.0,0.0,0.0,1.0,1.0,0.0,0.0,0.0,3.0,53.666668,4.749128,0.0,0.0,0.0,0.0,113.011925,15.798746,0.0,0
2.0,1.0,0.0,0.0,0.0,0.0,0.0,0.0,0.0,1.0,2.0,45.0,4.669485,0.0,0.0,0.0,0.0,49.61588,1.0806313,0.5,0
1.0,1.0,0.0,0.0,0.0,0.0,0.0,0.0,0.0,0.0,1.0,19.0,3.5110855,0.0,0.0,0.0,0.0,43.755363,0.0,0.0,0
2.0,0.0,0.0,0.0,0.0,1.0,0.0,0.0,0.0,0.0,2.0,43.0,4.9019876,0.0,0.0,0.0,0.0,5.2409825,0.44430333,0.0,1
2.0,0.0,0.0,0.0,0.0,0.0,0.0,1.0,0.0,0.0,2.0,54.5,4.567343,0.0,0.0,0.0,1.0,8.85281,1.8140918,0.5,1
5.0,1.0,1.0,0.0,1.0,1.0,0.0,0.0,0.0,0.0,5.0,29.0,3.8538632,0.0,0.0,0.0,0.0,2.4046628,0.79382706,0.4,1
3.0,0.0,0.0,0.0,0.0,1.0,1.0,0.0,0.0,0.0,2.0,69.0,5.04289,0.0,0.0,0.0,0.0,100.29518,10.908234,0.0,0
3.0,1.0,0.0,1.0,0.0,0.0,0.0,0.0,1.0,0.0,3.0,29.0,3.8538632,0.0,0.0,0.0,0.0,1.8880751,0.6298468,0.6666667,1
3.0,0.0,0.0,0.0,0.0,1.0,1.0,0.0,0.0,0.0,3.0,53.666668,4.749128,0.0,0.0,0.0,0.0,84.265045,30.613033,0.0,0
1.0,0.0,1.0,0.0,0.0,0.0,0.0,0.0,0.0,0.0,1.0,28.0,4.164498,1.0,0.0,0.0,0.0,2.7363334,0.0,0.0,1
3.0,0.0,0.0,0.0,0.0,1.0,1.0,0.0,0.0,0.0,2.0,70.0,5.04289,0.0,0.0,0.0,0.0,36.15388,2.155568,0.0,0
2.0,0.0,0.0,0.0,0.0,1.0,0.0,0.0,0.0,0.0,2.0,43.0,4.9019876,0.0,0.0,0.0,0.0,4.1688633,0.280563,0.0,1
1.0,0.0,0.0,0.0,0.0,0.0,1.0,0.0,0.0,0.0,1.0,46.0,4.778678,0.0,0.0,0.0,0.0,78.67521,0.0,0.0,0
1.0,1.0,0.0,0.0,0.0,0.0,0.0,0.0,0.0,0.0,1.0,38.0,4.165838,0.0,0.0,0.0,0.0,76.042496,0.0,0.0,0
2.0,0.0,0.0,0.0,0.0,1.0,1.0,0.0,0.0,0.0,2.0,48.5,4.778678,0.0,0.0,0.0,0.0,65.525795,4.694688,0.0,0
1.0,1.0,0.0,0.0,0.0,0.0,0.0,0.0,0.0,0.0,1.0,39.0,4.16042,0.0,0.0,0.0,0.0,64.9915,0.0,0.0,0
3.0,0.0,0.0,0.0,0.0,0.0,0.0,1.0,0.0,0.0,3.0,53.333332,4.567343,0.0,0.0,0.0,1.0,11.589227,0.30490357,0.33333334,1
1.0,1.0,0.0,0.0,0.0,0.0,0.0,0.0,0.0,0.0,1.0,39.0,4.16042,0.0,0.0,0.0,0.0,89.07638,0.0,0.0,0
3.0,0.0,0.0,0.0,0.0,1.0,1.0,0.0,0.0,0.0,3.0,53.666668,4.749128,0.0,0.0,0.0,0.0,108.921715,29.67075,0.0,0
2.0,0.0,0.0,0.0,0.0,1.0,0.0,0.0,0.0,0.0,2.0,43.0,4.9019876,0.0,0.0,0.0,0.0,4.140132,1.4591722,0.0,1
2.0,1.0,0.0,0.0,0.0,0.0,0.0,0.0,0.0,1.0,2.0,45.0,4.669485,0.0,0.0,0.0,0.0,68.71263,9.360827,0.5,0
3.0,0.0,0.0,0.0,0.0,1.0,1.0,0.0,0.0,0.0,3.0,53.666668,4.749128,0.0,0.0,0.0,0.0,105.7107,28.392744,0.0,0
3.0,0.0,0.0,0.0,0.0,1.0,1.0,0.0,0.0,0.0,3.0,53.666668,4.749128,0.0,0.0,0.0,0.0,98.7196,13.176776,0.0,0
3.0,0.0,0.0,0.0,0.0,1.0,1.0,0.0,0.0,0.0,2.0,70.0,5.04289,0.0,0.0,0.0,0.0,37.851856,6.5607147,0.0,0
3.0,0.0,0.0,0.0,0.0,1.0,1.0,0.0,0.0,0.0,3.0,53.666668,4.749128,0.0,0.0,0.0,0.0,110.74541,28.863441,0.0,0
3.0,0.0,0.0,0.0,0.0,1.0,1.0,0.0,0.0,0.0,3.0,53.666668,4.749128,0.0,0.0,0.0,0.0,105.54378,27.530973,0.0,0
5.0,0.0,0.0,1.0,1.0,1.0,0.0,0.0,1.0,0.0,5.0,29.0,3.8538632,0.0,0.0,0.0,0.0,2.3769674,0.8421378,0.8,1
2.0,1.0,0.0,0.0,0.0,0.0,0.0,0.0,1.0,0.0,2.0,42.5,4.509495,0.0,0.0,0.0,0.0,32.793655,2.5338924,0.5,0
2.0,0.0,0.0,0.0,0.0,0.0,0.0,1.0,0.0,0.0,2.0,52.5,4.545289,0.0,0.0,0.0,1.0,4.758115,0.05973673,0.5,1
2.0,0.0,0.0,0.0,0.0,1.0,0.0,0.0,0.0,0.0,2.0,43.0,4.9019876,0.0,0.0,0.0,0.0,5.1476564,0.40341353,0.0,1
3.0,0.0,0.0,0.0,0.0,0.0,0.0,1.0,0.0,0.0,3.0,53.333332,4.567343,0.0,0.0,0.0,1.0,6.708102,1.6511791,0.33333334,1
2.0,0.0,0.0,0.0,0.0,0.0,0.0,1.0,0.0,0.0,2.0,52.5,4.545289,0.0,0.0,0.0,1.0,5.8899965,1.2124002,0.5,1
1.0,1.0,0.0,0.0,0.0,0.0,0.0,0.0,0.0,0.0,1.0,19.0,3.5110855,0.0,0.0,0.0,0.0,66.26627,0.0,0.0,0
1.0,1.0,0.0,0.0,0.0,0.0,0.0,0.0,0.0,0.0,1.0,39.0,4.16042,0.0,0.0,0.0,0.0,51.13514,0.0,0.0,0
4.0,0.0,0.0,1.0,0.0,0.0,0.0,0.0,1.0,1.0,4.0,33.0,4.2439427,0.0,1.0,0.0,0.0,1.7564286,0.43691626,1.0,1
5.0,0.0,0.0,1.0,1.0,0.0,0.0,0.0,0.0,1.0,3.0,28.0,4.2439427,0.0,1.0,0.0,0.0,1.7247984,0.6245681,0.8,1
2.0,0.0,0.0,0.0,0.0,1.0,0.0,0.0,0.0,0.0,2.0,43.0,4.9019876,0.0,0.0,0.0,0.0,5.915743,1.326348,0.0,1
2.0,1.0,1.0,0.0,0.0,0.0,0.0,0.0,0.0,0.0,2.0,25.5,4.015061,0.0,0.0,0.0,0.0,4.931222,0.07705774,0.0,1
1.0,1.0,0.0,0.0,0.0,0.0,0.0,0.0,0.0,0.0,1.0,38.0,4.165838,0.0,0.0,0.0,0.0,54.23991,0.0,0.0,0
1.0,1.0,0.0,0.0,0.0,0.0,0.0,0.0,0.0,0.0,1.0,38.0,4.165838,0.0,0.0,0.0,0.0,53.850998,0.0,0.0,0
2.0,1.0,0.0,0.0,0.0,0.0,0.0,0.0,1.0,0.0,2.0,42.5,4.509495,0.0,0.0,0.0,0.0,64.19442,2.5492976,0.5,0
1.0,1.0,0.0,0.0,0.0,0.0,0.0,0.0,0.0,0.0,1.0,38.0,4.165838,0.0,0.0,0.0,0.0,57.563316,0.0,0.0,0
3.0,0.0,0.0,0.0,0.0,1.0,1.0,0.0,0.0,0.0,3.0,53.666668,4.749128,0.0,0.0,0.0,0.0,94.885704,34.495106,0.0,0
1.0,1.0,0.0,0.0,0.0,0.0,0.0,0.0,0.0,0.0,1.0,19.0,3.5110855,0.0,0.0,0.0,0.0,81.057076,0.0,0.0,0
4.0,1.0,0.0,0.0,1.0,1.0,0.0,0.0,1.0,0.0,4.0,29.0,3.8538632,0.0,0.0,0.0,0.0,2.9074554,0.98315084,0.5,1
1.0,1.0,0.0,0.0,0.0,0.0,0.0,0.0,0.0,0.0,1.0,19.0,3.5110855,0.0,0.0,0.0,0.0,53.16996,0.0,0.0,0
5.0,0.0,0.0,1.0,1.0,0.0,0.0,0.0,0.0,1.0,3.0,28.666666,4.2439427,0.0,1.0,0.0,0.0,2.2762425,0.85824174,0.8,1
3.0,0.0,0.0,0.0,0.0,1.0,1.0,0.0,0.0,0.0,3.0,53.666668,4.749128,0.0,0.0,0.0,0.0,102.109505,19.432331,0.0,0
2.0,0.0,0.0,0.0,0.0,1.0,1.0,0.0,0.0,0.0,2.0,47.5,4.778678,0.0,0.0,0.0,0.0,62.00328,21.201122,0.0,0
3.0,0.0,0.0,0.0,0.0,1.0,1.0,0.0,0.0,0.0,3.0,53.666668,4.749128,0.0,0.0,0.0,0.0,116.80343,29.527027,0.0,0
3.0,1.0,1.0,0.0,1.0,0.0,0.0,0.0,0.0,0.0,3.0,27.666666,4.282484,1.0,0.0,0.0,0.0,3.9149885,0.14033857,0.33333334,1
3.0,0.0,0.0,0.0,0.0,1.0,1.0,0.0,0.0,0.0,3.0,53.666668,4.749128,0.0,0.0,0.0,0.0,95.61374,14.10933,0.0,0
1.0,1.0,0.0,0.0,0.0,0.0,0.0,0.0,0.0,0.0,1.0,38.0,4.165838,0.0,0.0,0.0,0.0,94.86216,0.0,0.0,0
2.0,0.0,0.0,0.0,0.0,0.0,0.0,1.0,0.0,0.0,2.0,52.5,4.545289,0.0,0.0,0.0,1.0,8.025609,3.3387709,0.5,1
1.0,1.0,0.0,0.0,0.0,0.0,0.0,0.0,0.0,0.0,1.0,38.0,4.165838,0.0,0.0,0.0,0.0,53.71342,0.0,0.0,0
5.0,0.0,0.0,1.0,1.0,0.0,0.0,0.0,0.0,1.0,3.0,28.666666,4.2439427,0.0,1.0,0.0,0.0,1.7112709,0.6522409,0.8,1
3.0,0.0,1.0,1.0,1.0,0.0,0.0,0.0,0.0,0.0,3.0,29.0,3.8538632,0.0,0.0,0.0,0.0,2.825394,1.0142521,0.6666667,1
5.0,0.0,0.0,1.0,1.0,0.0,0.0,0.0,0.0,1.0,3.0,30.666666,4.2439427,0.0,1.0,0.0,0.0,2.2293417,0.44628388,0.8,1
4.0,1.0,0.0,1.0,0.0,1.0,0.0,0.0,0.0,0.0,4.0,29.0,3.8538632,0.0,0.0,0.0,0.0,1.8237805,0.54329026,0.5,1
3.0,0.0,1.0,1.0,0.0,0.0,0.0,0.0,0.0,0.0,3.0,29.0,3.8538632,0.0,0.0,0.0,0.0,1.9704952,0.3314464,0.6666667,1
2.0,1.0,1.0,0.0,0.0,0.0,0.0,0.0,0.0,0.0,2.0,25.5,4.015061,0.0,0.0,0.0,0.0,4.041941,0.19493873,0.0,1
3.0,0.0,0.0,0.0,0.0,1.0,1.0,0.0,0.0,0.0,3.0,53.666668,4.749128,0.0,0.0,0.0,0.0,105.283066,22.351252,0.0,0
2.0,1.0,0.0,0.0,0.0,0.0,0.0,0.0,0.0,0.0,1.0,38.0,4.3988576,0.0,0.0,0.0,0.0,61.55696,2.048543,0.0,0
3.0,0.0,0.0,1.0,0.0,0.0,0.0,0.0,1.0,0.0,3.0,30.666666,4.209867,0.0,1.0,0.0,0.0,2.0485754,0.570125,1.0,1
5.0,0.0,0.0,1.0,1.0,0.0,0.0,0.0,0.0,1.0,3.0,28.666666,4.2439427,0.0,1.0,0.0,0.0,2.58035,0.5935924,0.8,1
3.0,0.0,0.0,1.0,0.0,0.0,0.0,0.0,1.0,0.0,3.0,28.666666,4.209867,0.0,1.0,0.0,0.0,1.6152898,0.3433269,1.0,1
2.0,0.0,0.0,0.0,0.0,0.0,0.0,1.0,0.0,0.0,2.0,54.5,4.567343,0.0,0.0,0.0,1.0,6.71895,1.1579217,0.5,1
2.0,0.0,0.0,0.0,0.0,1.0,0.0,0.0,0.0,0.0,2.0,43.0,4.9019876,0.0,0.0,0.0,0.0,5.2511215,0.028787473,0.0,1
3.0,0.0,0.0,0.0,0.0,1.0,1.0,0.0,0.0,0.0,3.0,53.666668,4.749128,0.0,0.0,0.0,0.0,88.44575,24.381145,0.0,0
1.0,1.0,0.0,0.0,0.0,0.0,0.0,0.0,0.0,0.0,1.0,38.0,4.165838,0.0,0.0,0.0,0.0,36.961704,0.0,0.0,0
2.0,0.0,0.0,0.0,0.0,0.0,0.0,1.0,0.0,0.0,2.0,54.5,4.567343,0.0,0.0,0.0,1.0,9.385563,0.86035895,0.5,1
3.0,0.0,0.0,0.0,0.0,1.0,1.0,0.0,0.0,0.0,3.0,53.666668,4.749128,0.0,0.0,0.0,0.0,68.49528,22.609505,0.0,0
2.0,1.0,0.0,0.0,0.0,0.0,0.0,0.0,0.0,0.0,1.0,38.0,4.3988576,0.0,0.0,0.0,0.0,51.605537,19.525011,0.0,0
1.0,1.0,0.0,0.0,0.0,0.0,0.0,0.0,0.0,0.0,1.0,38.0,4.165838,0.0,0.0,0.0,0.0,41.144985,0.0,0.0,0
1.0,1.0,0.0,0.0,0.0,0.0,0.0,0.0,0.0,0.0,1.0,38.0,4.165838,0.0,0.0,0.0,0.0,87.488594,0.0,0.0,0
2.0,0.0,0.0,0.0,0.0,0.0,0.0,1.0,0.0,0.0,2.0,52.5,4.545289,0.0,0.0,0.0,1.0,7.7967305,3.1008666,0.5,1
2.0,0.0,0.0,0.0,0.0,1.0,1.0,0.0,0.0,0.0,2.0,47.5,4.778678,0.0,0.0,0.0,0.0,94.887245,11.912377,0.0,0
2.0,0.0,0.0,0.0,0.0,1.0,0.0,0.0,0.0,0.0,2.0,43.0,4.9019876,0.0,0.0,0.0,0.0,3.4511,0.1853079,0.0,1
1.0,0.0,1.0,0.0,0.0,0.0,0.0,0.0,0.0,0.0,1.0,28.0,4.164498,1.0,0.0,0.0,0.0,3.8952637,0.0,0.0,1
1.0,1.0,0.0,0.0,0.0,0.0,0.0,0.0,0.0,0.0,1.0,38.0,4.165838,0.0,0.0,0.0,0.0,93.74001,0.0,0.0,0
2.0,0.0,0.0,0.0,0.0,1.0,0.0,0.0,0.0,0.0,2.0,43.0,4.9019876,0.0,0.0,0.0,0.0,5.59474,1.6243529,0.0,1
2.0,0.0,0.0,0.0,0.0,1.0,1.0,0.0,0.0,0.0,2.0,70.0,5.04289,0.0,0.0,0.0,0.0,113.32786,5.9583354,0.0,0
4.0,0.0,0.0,1.0,0.0,0.0,0.0,0.0,1.0,1.0,4.0,33.0,4.2439427,0.0,1.0,0.0,0.0,2.8098698,0.15449761,1.0,1
2.0,0.0,0.0,0.0,0.0,1.0,0.0,0.0,0.0,0.0,2.0,43.0,4.9019876,0.0,0.0,0.0,0.0,5.9655905,0.012620195,0.0,1
1.0,0.0,1.0,0.0,0.0,0.0,0.0,0.0,0.0,0.0,1.0,28.0,4.164498,1.0,0.0,0.0,0.0,3.3128285,0.0,0.0,1
2.0,1.0,0.0,0.0,0.0,0.0,0.0,0.0,1.0,0.0,2.0,42.5,4.509495,0.0,0.0,0.0,0.0,61.938583,15.57412,0.5,0
3.0,0.0,0.0,0.0,1.0,1.0,0.0,0.0,1.0,0.0,3.0,29.0,3.8538632,0.0,0.0,0.0,0.0,3.0435,0.6049738,0.6666667,1
1.0,1.0,0.0,0.0,0.0,0.0,0.0,0.0,0.0,0.0,1.0,38.0,4.165838,0.0,0.0,0.0,0.0,51.11221,0.0,0.0,0
2.0,1.0,0.0,0.0,0.0,0.0,0.0,0.0,0.0,0.0,1.0,38.0,4.3988576,0.0,0.0,0.0,0.0,58.601894,0.29478824,0.0,0
3.0,0.0,0.0,0.0,0.0,0.0,0.0,1.0,0.0,0.0,3.0,53.333332,4.567343,0.0,0.0,0.0,1.0,7.825004,2.4848588,0.33333334,1
2.0,0.0,0.0,0.0,0.0,1.0,1.0,0.0,0.0,0.0,2.0,47.5,4.778678,0.0,0.0,0.0,0.0,93.79693,25.427706,0.0,0
3.0,1.0,0.0,0.0,1.0,0.0,0.0,0.0,1.0,0.0,3.0,29.0,3.8538632,0.0,0.0,0.0,0.0,2.8443584,1.1061575,0.6666667,1
3.0,1.0,1.0,0.0,1.0,0.0,0.0,0.0,0.0,0.0,3.0,28.666666,4.182006,1.0,0.0,0.0,0.0,3.6985004,1.387675,0.33333334,1
3.0,0.0,0.0,1.0,0.0,1.0,0.0,0.0,1.0,0.0,3.0,29.0,3.8538632,0.0,0.0,0.0,0.0,2.181591,0.87832385,0.6666667,1
5.0,0.0,0.0,1.0,1.0,0.0,0.0,0.0,0.0,1.0,3.0,28.0,4.2439427,0.0,1.0,0.0,0.0,1.7599243,0.7999675,0.8,1
3.0,0.0,0.0,0.0,0.0,1.0,1.0,0.0,0.0,0.0,3.0,53.666668,4.749128,0.0,0.0,0.0,0.0,83.43759,29.650162,0.0,0
2.0,0.0,0.0,0.0,0.0,0.0,0.0,1.0,0.0,0.0,2.0,52.5,4.545289,0.0,0.0,0.0,1.0,8.072474,2.9754388,0.5,1
1.0,1.0,0.0,0.0,0.0,0.0,0.0,0.0,0.0,0.0,1.0,19.0,3.5110855,0.0,0.0,0.0,0.0,94.57641,0.0,0.0,0
2.0,0.0,0.0,0.0,0.0,1.0,0.0,0.0,0.0,0.0,2.0,43.0,4.9019876,0.0,0.0,0.0,0.0,5.727429,0.12932707,0.0,1
3.0,0.0,0.0,0.0,0.0,0.0,0.0,1.0,0.0,0.0,3.0,53.333332,4.567343,0.0,0.0,0.0,1.0,9.0165825,2.4081779,0.33333334,1
3.0,0.0,0.0,0.0,0.0,1.0,1.0,0.0,0.0,0.0,3.0,53.666668,4.749128,0.0,0.0,0.0,0.0,78.39424,39.745373,0.0,0
3.0,0.0,0.0,0.0,0.0,1.0,1.0,0.0,0.0,0.0,3.0,53.666668,4.749128,0.0,0.0,0.0,0.0,97.64004,21.065807,0.0,0
3.0,1.0,0.0,0.0,0.0,0.0,0.0,0.0,1.0,0.0,3.0,29.0,3.8538632,0.0,0.0,0.0,0.0,2.9865706,0.24790074,0.6666667,1
2.0,1.0,0.0,0.0,0.0,0.0,0.0,0.0,0.0,1.0,2.0,45.0,4.669485,0.0,0.0,0.0,0.0,55.681793,0.20566404,0.5,0
2.0,1.0,0.0,0.0,0.0,0.0,0.0,0.0,0.0,0.0,1.0,38.0,4.3988576,0.0,0.0,0.0,0.0,53.812042,21.083586,0.0,0
3.0,0.0,0.0,0.0,0.0,1.0,1.0,0.0,0.0,0.0,3.0,53.666668,4.749128,0.0,0.0,0.0,0.0,86.385155,18.044352,0.0,0
3.0,1.0,1.0,0.0,1.0,0.0,0.0,0.0,0.0,0.0,3.0,31.0,4.3578377,1.0,0.0,0.0,0.0,3.8417659,1.347627,0.33333334,1
3.0,0.0,1.0,1.0,0.0,1.0,0.0,0.0,0.0,0.0,3.0,29.0,3.8538632,0.0,0.0,0.0,0.0,1.3464073,0.31740028,0.33333334,1
3.0,1.0,1.0,0.0,1.0,0.0,0.0,0.0,0.0,0.0,3.0,28.666666,4.182006,1.0,0.0,0.0,0.0,4.14934,0.9669618,0.33333334,1
2.0,1.0,1.0,0.0,0.0,0.0,0.0,0.0,0.0,0.0,2.0,25.5,4.015061,0.0,0.0,0.0,0.0,3.0832372,0.7947398,0.0,1
2.0,1.0,0.0,0.0,0.0,0.0,0.0,0.0,0.0,1.0,2.0,45.0,4.669485,0.0,0.0,0.0,0.0,50.53029,5.0349455,0.5,0
5.0,0.0,0.0,1.0,1.0,0.0,0.0,0.0,0.0,1.0,3.0,28.666666,4.2439427,0.0,1.0,0.0,0.0,2.2076304,0.7251316,0.8,1
1.0,1.0,0.0,0.0,0.0,0.0,0.0,0.0,0.0,0.0,1.0,39.0,4.16042,0.0,0.0,0.0,0.0,49.668785,0.0,0.0,0
1.0,0.0,0.0,0.0,0.0,0.0,1.0,0.0,0.0,0.0,1.0,46.0,4.778678,0.0,0.0,0.0,0.0,88.27756,0.0,0.0,0
1.0,1.0,0.0,0.0,0.0,0.0,0.0,0.0,0.0,0.0,1.0,39.0,4.16042,0.0,0.0,0.0,0.0,35.7599,0.0,0.0,0
2.0,1.0,1.0,0.0,0.0,0.0,0.0,0.0,0.0,0.0,2.0,32.5,4.3578377,1.0,0.0,0.0,0.0,4.8210487,0.9675244,0.0,1
2.0,1.0,0.0,0.0,0.0,0.0,0.0,0.0,0.0,1.0,2.0,45.0,4.669485,0.0,0.0,0.0,0.0,58.041145,9.447674,0.5,0
2.0,0.0,0.0,0.0,0.0,1.0,1.0,0.0,0.0,0.0,2.0,48.5,4.778678,0.0,0.0,0.0,0.0,40.953,9.885159,0.0,0
1.0,0.0,0.0,0.0,0.0,0.0,1.0,0.0,0.0,0.0,1.0,46.0,4.778678,0.0,0.0,0.0,0.0,30.266716,0.0,0.0,0
1.0,1.0,0.0,0.0,0.0,0.0,0.0,0.0,0.0,0.0,1.0,38.0,4.165838,0.0,0.0,0.0,0.0,44.4386,0.0,0.0,0
2.0,0.0,0.0,0.0,0.0,1.0,1.0,0.0,0.0,0.0,2.0,69.0,5.04289,0.0,0.0,0.0,0.0,66.371414,40.204044,0.0,0
2.0,0.0,0.0,0.0,0.0,0.0,0.0,1.0,0.0,0.0,2.0,52.5,4.545289,0.0,0.0,0.0,1.0,8.3967495,2.9650624,0.5,1
3.0,0.0,0.0,0.0,0.0,1.0,1.0,0.0,0.0,0.0,2.0,70.0,5.04289,0.0,0.0,0.0,0.0,71.18098,16.151482,0.0,0
1.0,0.0,1.0,0.0,0.0,0.0,0.0,0.0,0.0,0.0,1.0,28.0,4.164498,1.0,0.0,0.0,0.0,2.0373042,0.0,0.0,1
2.0,0.0,0.0,0.0,0.0,1.0,1.0,0.0,0.0,0.0,2.0,69.0,5.04289,0.0,0.0,0.0,0.0,73.59278,42.044765,0.0,0
2.0,0.0,0.0,0.0,0.0,0.0,0.0,1.0,0.0,0.0,2.0,52.5,4.545289,0.0,0.0,0.0,1.0,7.5215693,0.9031619,0.5,1
3.0,0.0,0.0,1.0,0.0,0.0,0.0,0.0,1.0,0.0,3.0,28.0,4.209867,0.0,1.0,0.0,0.0,2.3900006,0.66301394,1.0,1
2.0,1.0,1.0,0.0,0.0,0.0,0.0,0.0,0.0,0.0,2.0,25.5,4.015061,0.0,0.0,0.0,0.0,5.103928,0.38832703,0.0,1
1.0,1.0,0.0,0.0,0.0,0.0,0.0,0.0,0.0,0.0,1.0,39.0,4.16042,0.0,0.0,0.0,0.0,35.38267,0.0,0.0,0
5.0,0.0,0.0,1.0,1.0,0.0,0.0,0.0,0.0,1.0,3.0,28.666666,4.2439427,0.0,1.0,0.0,0.0,2.1137898,0.7538454,0.8,1
5.0,1.0,0.0,1.0,1.0,1.0,0.0,0.0,0.0,0.0,5.0,29.0,3.8538632,0.0,0.0,0.0,0.0,2.4121375,1.0790493,0.6,1
3.0,0.0,0.0,0.0,0.0,1.0,1.0,0.0,0.0,0.0,3.0,53.666668,4.749128,0.0,0.0,0.0,0.0,115.08943,27.074121,0.0,0
1.0,0.0,1.0,0.0,0.0,0.0,0.0,0.0,0.0,0.0,1.0,28.0,4.164498,1.0,0.0,0.0,0.0,4.3674707,0.0,0.0,1
2.0,0.0,0.0,0.0,0.0,1.0,0.0,0.0,0.0,0.0,2.0,43.0,4.9019876,0.0,0.0,0.0,0.0,5.25771,0.36530408,0.0,1
1.0,1.0,0.0,0.0,0.0,0.0,0.0,0.0,0.0,0.0,1.0,38.0,4.165838,0.0,0.0,0.0,0.0,50.65946,0.0,0.0,0
2.0,1.0,1.0,0.0,0.0,0.0,0.0,0.0,0.0,0.0,2.0,25.5,4.015061,0.0,0.0,0.0,0.0,4.5131373,0.06059771,0.0,1
2.0,0.0,0.0,0.0,0.0,0.0,0.0,1.0,0.0,0.0,2.0,54.5,4.567343,0.0,0.0,0.0,1.0,5.1096,0.51210076,0.5,1
2.0,0.0,0.0,0.0,0.0,1.0,1.0,0.0,0.0,0.0,2.0,69.0,5.04289,0.0,0.0,0.0,0.0,61.271,6.4378395,0.0,0
2.0,0.0,0.0,0.0,0.0,0.0,0.0,1.0,0.0,0.0,2.0,54.5,4.567343,0.0,0.0,0.0,1.0,7.6610546,0.045718074,0.5,1
2.0,0.0,0.0,0.0,0.0,1.0,1.0,0.0,0.0,0.0,2.0,70.0,5.04289,0.0,0.0,0.0,0.0,75.90072,30.473743,0.0,0
3.0,0.0,0.0,0.0,1.0,1.0,0.0,0.0,0.0,0.0,3.0,29.0,3.8538632,0.0,0.0,0.0,0.0,2.167881,0.96374315,0.6666667,1
2.0,1.0,1.0,0.0,0.0,0.0,0.0,0.0,0.0,0.0,2.0,25.5,4.015061,0.0,0.0,0.0,0.0,4.4684715,0.5226332,0.0,1
1.0,0.0,0.0,0.0,0.0,0.0,1.0,0.0,0.0,0.0,1.0,89.0,5.04289,0.0,0.0,0.0,0.0,36.53806,0.0,0.0,0
4.0,0.0,0.0,1.0,0.0,0.0,0.0,0.0,1.0,1.0,4.0,33.0,4.2439427,0.0,1.0,0.0,0.0,2.4678545,0.4344456,1.0,1
2.0,1.0,0.0,0.0,0.0,0.0,0.0,0.0,0.0,1.0,2.0,45.0,4.669485,0.0,0.0,0.0,0.0,32.156807,1.0667963,0.5,0
3.0,0.0,0.0,0.0,0.0,1.0,1.0,0.0,0.0,0.0,3.0,53.666668,4.749128,0.0,0.0,0.0,0.0,104.1136,38.21897,0.0,0
2.0,0.0,0.0,0.0,0.0,1.0,1.0,0.0,0.0,0.0,2.0,70.0,5.04289,0.0,0.0,0.0,0.0,60.238987,19.280012,0.0,0
3.0,0.0,0.0,0.0,0.0,1.0,1.0,0.0,0.0,0.0,3.0,53.666668,4.749128,0.0,0.0,0.0,0.0,87.869064,5.1351843,0.0,0
3.0,0.0,0.0,1.0,0.0,0.0,0.0,0.0,1.0,0.0,3.0,28.666666,4.209867,0.0,1.0,0.0,0.0,1.8878745,0.5196345,1.0,1
2.0,1.0,0.0,0.0,0.0,0.0,0.0,0.0,1.0,0.0,2.0,42.5,4.509495,0.0,0.0,0.0,0.0,54.06702,3.4674115,0.5,0
2.0,0.0,0.0,0.0,0.0,0.0,0.0,1.0,0.0,0.0,2.0,52.5,4.545289,0.0,0.0,0.0,1.0,5.3467755,0.24888715,0.5,1
1.0,1.0,0.0,0.0,0.0,0.0,0.0,0.0,0.0,0.0,1.0,19.0,3.5110855,0.0,0.0,0.0,0.0,94.64523,0.0,0.0,0
1.0,0.0,0.0,0.0,0.0,0.0,1.0,0.0,0.0,0.0,1.0,46.0,4.778678,0.0,0.0,0.0,0.0,76.729195,0.0,0.0,0
2.0,0.0,0.0,0.0,0.0,1.0,0.0,0.0,0.0,0.0,2.0,43.0,4.9019876,0.0,0.0,0.0,0.0,4.94963,0.31353295,0.0,1
3.0,0.0,0.0,0.0,0.0,0.0,0.0,1.0,0.0,0.0,3.0,53.333332,4.567343,0.0,0.0,0.0,1.0,9.048862,2.3623502,0.33333334,1
2.0,1.0,1.0,0.0,0.0,0.0,0.0,0.0,0.0,0.0,2.0,25.5,4.015061,0.0,0.0,0.0,0.0,4.2684803,0.4154673,0.0,1
1.0,1.0,0.0,0.0,0.0,0.0,0.0,0.0,0.0,0.0,1.0,39.0,4.16042,0.0,0.0,0.0,0.0,49.87142,0.0,0.0,0
2.0,0.0,0.0,0.0,0.0,1.0,0.0,0.0,0.0,0.0,2.0,43.0,4.9019876,0.0,0.0,0.0,0.0,7.2672477,0.27767938,0.0,1
5.0,0.0,0.0,1.0,1.0,0.0,0.0,0.0,0.0,1.0,3.0,28.666666,4.2439427,0.0,1.0,0.0,0.0,2.3162487,0.7141949,0.8,1
2.0,1.0,0.0,0.0,0.0,0.0,0.0,0.0,0.0,0.0,1.0,38.0,4.3988576,0.0,0.0,0.0,0.0,48.219185,16.808855,0.0,0
1.0,1.0,0.0,0.0,0.0,0.0,0.0,0.0,0.0,0.0,1.0,19.0,3.5110855,0.0,0.0,0.0,0.0,91.90211,0.0,0.0,0
3.0,0.0,0.0,0.0,0.0,1.0,1.0,0.0,0.0,0.0,3.0,53.666668,4.749128,0.0,0.0,0.0,0.0,67.706985,23.405916,0.0,0
2.0,0.0,0.0,0.0,0.0,1.0,0.0,0.0,0.0,0.0,2.0,43.0,4.9019876,0.0,0.0,0.0,0.0,4.549458,0.84600884,0.0,1
2.0,0.0,0.0,0.0,0.0,1.0,0.0,0.0,0.0,0.0,2.0,43.0,4.9019876,0.0,0.0,0.0,0.0,3.4128733,0.1951808,0.0,1
2.0,1.0,0.0,0.0,0.0,0.0,0.0,0.0,0.0,1.0,2.0,45.0,4.669485,0.0,0.0,0.0,0.0,45.21305,14.117407,0.5,0
3.0,0.0,0.0,0.0,0.0,1.0,1.0,0.0,0.0,0.0,2.0,70.0,5.04289,0.0,0.0,0.0,0.0,79.185135,24.973738,0.0,0
2.0,0.0,0.0,0.0,0.0,0.0,0.0,1.0,0.0,0.0,2.0,52.5,4.545289,0.0,0.0,0.0,1.0,5.1758223,0.08420887,0.5,1
3.0,0.0,0.0,0.0,0.0,1.0,1.0,0.0,0.0,0.0,3.0,53.666668,4.749128,0.0,0.0,0.0,0.0,105.71128,35.907475,0.0,0
2.0,1.0,0.0,0.0,0.0,0.0,0.0,0.0,0.0,1.0,2.0,45.0,4.669485,0.0,0.0,0.0,0.0,66.99965,3.7230642,0.5,0
5.0,1.0,1.0,1.0,1.0,0.0,0.0,0.0,1.0,0.0,5.0,29.0,3.8538632,0.0,0.0,0.0,0.0,2.9992898,1.1649611,0.6,1
1.0,1.0,0.0,0.0,0.0,0.0,0.0,0.0,0.0,0.0,1.0,19.0,3.5110855,0.0,0.0,0.0,0.0,68.933014,0.0,0.0,0
1.0,1.0,0.0,0.0,0.0,0.0,0.0,0.0,0.0,0.0,1.0,38.0,4.165838,0.0,0.0,0.0,0.0,79.7206,0.0,0.0,0
2.0,0.0,0.0,0.0,0.0,0.0,0.0,1.0,0.0,0.0,2.0,54.5,4.567343,0.0,0.0,0.0,1.0,10.397065,1.3075714,0.5,1
2.0,1.0,0.0,0.0,0.0,0.0,0.0,0.0,1.0,0.0,2.0,42.5,4.509495,0.0,0.0,0.0,0.0,35.526997,4.9572167,0.5,0
2.0,1.0,0.0,0.0,0.0,0.0,0.0,0.0,1.0,0.0,2.0,42.5,4.509495,0.0,0.0,0.0,0.0,67.68584,1.6651604,0.5,0
2.0,1.0,1.0,0.0,0.0,0.0,0.0,0.0,0.0,0.0,2.0,25.5,4.015061,0.0,0.0,0.0,0.0,4.977951,0.41390532,0.0,1
3.0,0.0,0.0,0.0,0.0,1.0,1.0,0.0,0.0,0.0,3.0,53.666668,4.749128,0.0,0.0,0.0,0.0,98.97281,26.90739,0.0,0
1.0,1.0,0.0,0.0,0.0,0.0,0.0,0.0,0.0,0.0,1.0,39.0,4.16042,0.0,0.0,0.0,0.0,62.077244,0.0,0.0,0
1.0,0.0,0.0,0.0,0.0,0.0,1.0,0.0,0.0,0.0,1.0,46.0,4.778678,0.0,0.0,0.0,0.0,49.807133,0.0,0.0,0
2.0,0.0,0.0,0.0,0.0,0.0,0.0,1.0,0.0,0.0,2.0,54.5,4.567343,0.0,0.0,0.0,1.0,8.195343,2.908107,0.5,1
3.0,1.0,1.0,0.0,1.0,0.0,0.0,0.0,0.0,0.0,3.0,28.666666,4.182006,1.0,0.0,0.0,0.0,5.3745103,0.5259027,0.33333334,1
3.0,1.0,0.0,0.0,0.0,1.0,0.0,0.0,0.0,0.0,3.0,29.0,3.8538632,0.0,0.0,0.0,0.0,2.3590488,1.1570734,0.33333334,1
2.0,0.0,0.0,0.0,0.0,1.0,0.0,0.0,0.0,0.0,2.0,43.0,4.9019876,0.0,0.0,0.0,0.0,6.4930334,0.021823728,0.0,1
2.0,0.0,0.0,0.0,0.0,0.0,0.0,1.0,0.0,0.0,2.0,52.5,4.545289,0.0,0.0,0.0,1.0,5.148735,0.75165135,0.5,1
3.0,0.0,0.0,0.0,0.0,1.0,1.0,0.0,0.0,0.0,3.0,53.666668,4.749128,0.0,0.0,0.0,0.0,74.54091,12.8329115,0.0,0
5.0,1.0,0.0,1.0,0.0,1.0,0.0,0.0,1.0,0.0,5.0,29.0,3.8538632,0.0,0.0,0.0,0.0,2.4467685,0.9290462,0.6,1
3.0,0.0,0.0,0.0,0.0,1.0,1.0,0.0,0.0,0.0,3.0,53.666668,4.749128,0.0,0.0,0.0,0.0,85.513374,26.25513,0.0,0
1.0,1.0,0.0,0.0,0.0,0.0,0.0,0.0,0.0,0.0,1.0,38.0,4.165838,0.0,0.0,0.0,0.0,88.12956,0.0,0.0,0
2.0,1.0,1.0,0.0,0.0,0.0,0.0,0.0,0.0,0.0,2.0,25.5,4.015061,0.0,0.0,0.0,0.0,2.8476253,0.6914661,0.0,1
3.0,0.0,0.0,0.0,0.0,0.0,0.0,1.0,0.0,0.0,3.0,53.333332,4.567343,0.0,0.0,0.0,1.0,7.950248,2.4601886,0.33333334,1
3.0,0.0,0.0,0.0,0.0,0.0,0.0,1.0,0.0,0.0,3.0,53.333332,4.567343,0.0,0.0,0.0,1.0,7.7278833,1.7523881,0.33333334,1
2.0,1.0,1.0,0.0,0.0,0.0,0.0,0.0,0.0,0.0,2.0,25.5,4.015061,0.0,0.0,0.0,0.0,4.1648154,0.699603,0.0,1
3.0,0.0,0.0,0.0,0.0,1.0,1.0,0.0,0.0,0.0,3.0,53.666668,4.749128,0.0,0.0,0.0,0.0,80.59764,16.092186,0.0,0
3.0,0.0,1.0,0.0,0.0,0.0,0.0,0.0,1.0,0.0,3.0,29.0,3.8538632,0.0,0.0,0.0,0.0,3.0982583,0.22550155,0.6666667,1
2.0,1.0,1.0,0.0,0.0,0.0,0.0,0.0,0.0,0.0,2.0,25.5,4.015061,0.0,0.0,0.0,0.0,4.0251822,1.4201058,0.0,1
1.0,1.0,0.0,0.0,0.0,0.0,0.0,0.0,0.0,0.0,1.0,39.0,4.16042,0.0,0.0,0.0,0.0,37.560555,0.0,0.0,0
4.0,1.0,1.0,0.0,1.0,0.0,0.0,0.0,1.0,0.0,4.0,29.0,3.8538632,0.0,0.0,0.0,0.0,2.4559176,0.88513833,0.5,1
2.0,1.0,0.0,0.0,0.0,0.0,0.0,0.0,1.0,0.0,2.0,42.5,4.509495,0.0,0.0,0.0,0.0,65.92125,9.936843,0.5,0
5.0,1.0,1.0,1.0,0.0,1.0,0.0,0.0,0.0,0.0,5.0,29.0,3.8538632,0.0,0.0,0.0,0.0,2.4183693,0.95456976,0.4,1
3.0,1.0,1.0,0.0,1.0,0.0,0.0,0.0,0.0,0.0,3.0,28.666666,4.182006,1.0,0.0,0.0,0.0,4.533249,1.3043598,0.33333334,1
3.0,0.0,0.0,0.0,0.0,1.0,1.0,0.0,0.0,0.0,3.0,53.666668,4.749128,0.0,0.0,0.0,0.0,56.746857,10.705543,0.0,0
3.0,0.0,0.0,0.0,0.0,1.0,1.0,0.0,0.0,0.0,3.0,53.666668,4.749128,0.0,0.0,0.0,0.0,86.19453,38.821323,0.0,0
4.0,0.0,1.0,1.0,1.0,0.0,0.0,0.0,1.0,0.0,4.0,29.0,3.8538632,0.0,0.0,0.0,0.0,2.419305,0.64507836,0.75,1
2.0,0.0,0.0,0.0,0.0,1.0,1.0,0.0,0.0,0.0,2.0,47.5,4.778678,0.0,0.0,0.0,0.0,92.32317,25.227669,0.0,0
2.0,1.0,0.0,0.0,0.0,0.0,0.0,0.0,0.0,0.0,1.0,38.0,4.3988576,0.0,0.0,0.0,0.0,56.55819,5.719552,0.0,0
3.0,0.0,0.0,1.0,0.0,0.0,0.0,0.0,1.0,0.0,3.0,28.0,4.209867,0.0,1.0,0.0,0.0,2.0373847,0.16492414,1.0,1
4.0,0.0,0.0,1.0,0.0,0.0,0.0,0.0,1.0,1.0,4.0,31.5,4.2439427,0.0,1.0,0.0,0.0,2.431986,0.4025237,1.0,1
1.0,1.0,0.0,0.0,0.0,0.0,0.0,0.0,0.0,0.0,1.0,39.0,4.16042,0.0,0.0,0.0,0.0,87.51083,0.0,0.0,0
2.0,1.0,1.0,0.0,0.0,0.0,0.0,0.0,0.0,0.0,2.0,27.5,4.282484,1.0,0.0,0.0,0.0,4.5925794,1.0385604,0.0,1
2.0,1.0,0.0,0.0,0.0,0.0,0.0,0.0,1.0,0.0,2.0,42.5,4.509495,0.0,0.0,0.0,0.0,63.215816,7.959498,0.5,0
3.0,0.0,0.0,0.0,0.0,1.0,1.0,0.0,0.0,0.0,2.0,69.0,5.04289,0.0,0.0,0.0,0.0,61.229645,16.162865,0.0,0
2.0,1.0,0.0,0.0,0.0,0.0,0.0,0.0,1.0,0.0,2.0,42.5,4.509495,0.0,0.0,0.0,0.0,56.450138,18.274458,0.5,0
1.0,0.0,0.0,0.0,0.0,0.0,1.0,0.0,0.0,0.0,1.0,46.0,4.778678,0.0,0.0,0.0,0.0,29.716848,0.0,0.0,0
1.0,1.0,0.0,0.0,0.0,0.0,0.0,0.0,0.0,0.0,1.0,39.0,4.16042,0.0,0.0,0.0,0.0,73.8428,0.0,0.0,0
2.0,1.0,0.0,0.0,0.0,0.0,0.0,0.0,0.0,0.0,1.0,38.0,4.3988576,0.0,0.0,0.0,0.0,40.738987,9.736371,0.0,0
1.0,0.0,0.0,0.0,0.0,0.0,1.0,0.0,0.0,0.0,1.0,89.0,5.04289,0.0,0.0,0.0,0.0,82.10848,0.0,0.0,0
3.0,0.0,0.0,0.0,0.0,0.0,0.0,1.0,0.0,0.0,3.0,53.333332,4.567343,0.0,0.0,0.0,1.0,9.540186,2.2525334,0.33333334,1
3.0,0.0,0.0,0.0,0.0,1.0,1.0,0.0,0.0,0.0,3.0,53.666668,4.749128,0.0,0.0,0.0,0.0,120.88913,21.585785,0.0,0
3.0,0.0,0.0,0.0,0.0,0.0,0.0,1.0,0.0,0.0,3.0,53.333332,4.567343,0.0,0.0,0.0,1.0,8.60995,0.33951044,0.33333334,1
4.0,0.0,1.0,0.0,1.0,0.0,0.0,0.0,1.0,0.0,4.0,29.0,3.8538632,0.0,0.0,0.0,0.0,2.0940838,1.1121247,0.75,1
2.0,1.0,0.0,0.0,0.0,0.0,0.0,0.0,1.0,0.0,2.0,42.5,4.509495,0.0,0.0,0.0,0.0,70.20769,7.401705,0.5,0
1.0,1.0,0.0,0.0,0.0,0.0,0.0,0.0,0.0,0.0,1.0,39.0,4.16042,0.0,0.0,0.0,0.0,66.03761,0.0,0.0,0
1.0,0.0,1.0,0.0,0.0,0.0,0.0,0.0,0.0,0.0,1.0,28.0,4.164498,1.0,0.0,0.0,0.0,4.4723864,0.0,0.0,1
3.0,0.0,0.0,0.0,0.0,1.0,1.0,0.0,0.0,0.0,2.0,48.5,4.778678,0.0,0.0,0.0,0.0,58.765118,6.554683,0.0,0
5.0,1.0,1.0,0.0,1.0,0.0,0.0,0.0,1.0,0.0,5.0,29.0,3.8538632,0.0,0.0,0.0,0.0,3.0431452,0.45165575,0.6,1
1.0,1.0,0.0,0.0,0.0,0.0,0.0,0.0,0.0,0.0,1.0,38.0,4.165838,0.0,0.0,0.0,0.0,40.856182,0.0,0.0,0
3.0,0.0,0.0,0.0,0.0,0.0,0.0,1.0,0.0,0.0,3.0,53.333332,4.567343,0.0,0.0,0.0,1.0,8.678214,2.277244,0.33333334,1
2.0,1.0,0.0,0.0,0.0,0.0,0.0,0.0,0.0,0.0,1.0,38.0,4.3988576,0.0,0.0,0.0,0.0,41.114582,6.6495895,0.0,0
2.0,1.0,0.0,0.0,0.0,0.0,0.0,0.0,1.0,0.0,2.0,42.5,4.509495,0.0,0.0,0.0,0.0,57.985188,11.4193325,0.5,0
2.0,0.0,0.0,0.0,0.0,0.0,0.0,1.0,0.0,0.0,2.0,52.5,4.545289,0.0,0.0,0.0,1.0,9.287002,1.5227093,0.5,1
1.0,0.0,0.0,0.0,0.0,0.0,1.0,0.0,0.0,0.0,1.0,89.0,5.04289,0.0,0.0,0.0,0.0,107.412285,0.0,0.0,0
2.0,0.0,0.0,0.0,0.0,0.0,0.0,1.0,0.0,0.0,2.0,52.5,4.545289,0.0,0.0,0.0,1.0,7.633207,3.2007113,0.5,1
3.0,0.0,0.0,1.0,0.0,0.0,0.0,0.0,1.0,0.0,3.0,28.666666,4.209867,0.0,1.0,0.0,0.0,3.3800173,0.11973981,1.0,1
3.0,0.0,1.0,1.0,0.0,1.0,0.0,0.0,0.0,0.0,3.0,29.0,3.8538632,0.0,0.0,0.0,0.0,2.632684,0.9387935,0.33333334,1
2.0,1.0,1.0,0.0,0.0,0.0,0.0,0.0,0.0,0.0,2.0,25.5,4.015061,0.0,0.0,0.0,0.0,3.810762,0.8534145,0.0,1
3.0,0.0,0.0,1.0,0.0,0.0,0.0,0.0,1.0,0.0,3.0,30.666666,4.209867,0.0,1.0,0.0,0.0,1.6932744,0.38460925,1.0,1
2.0,1.0,1.0,0.0,0.0,0.0,0.0,0.0,0.0,0.0,2.0,25.5,4.015061,0.0,0.0,0.0,0.0,2.736823,0.6047844,0.0,1
2.0,0.0,0.0,0.0,0.0,0.0,0.0,1.0,0.0,0.0,2.0,54.5,4.567343,0.0,0.0,0.0,1.0,10.595416,0.54063463,0.5,1
3.0,0.0,0.0,0.0,0.0,1.0,1.0,0.0,0.0,0.0,2.0,69.0,5.04289,0.0,0.0,0.0,0.0,69.8192,27.422419,0.0,0
2.0,0.0,0.0,0.0,0.0,1.0,0.0,0.0,0.0,0.0,2.0,43.0,4.9019876,0.0,0.0,0.0,0.0,4.57815,1.1595389,0.0,1
2.0,1.0,0.0,0.0,0.0,0.0,0.0,0.0,1.0,0.0,2.0,42.5,4.509495,0.0,0.0,0.0,0.0,54.40537,1.6090525,0.5,0
3.0,0.0,0.0,0.0,0.0,1.0,1.0,0.0,0.0,0.0,3.0,53.666668,4.749128,0.0,0.0,0.0,0.0,121.62657,31.433254,0.0,0
2.0,1.0,0.0,0.0,0.0,0.0,0.0,0.0,0.0,1.0,2.0,45.0,4.669485,0.0,0.0,0.0,0.0,56.794445,18.550268,0.5,0
2.0,0.0,0.0,0.0,0.0,1.0,1.0,0.0,0.0,0.0,2.0,69.0,5.04289,0.0,0.0,0.0,0.0,36.07242,8.990656,0.0,0
1.0,0.0,0.0,0.0,0.0,0.0,1.0,0.0,0.0,0.0,1.0,46.0,4.778678,0.0,0.0,0.0,0.0,108.27169,0.0,0.0,0
2.0,0.0,0.0,0.0,0.0,1.0,0.0,0.0,0.0,0.0,2.0,43.0,4.9019876,0.0,0.0,0.0,0.0,5.846912,0.08032945,0.0,1
1.0,0.0,1.0,0.0,0.0,0.0,0.0,0.0,0.0,0.0,1.0,28.0,4.164498,1.0,0.0,0.0,0.0,1.7170577,0.0,0.0,1
2.0,1.0,1.0,0.0,0.0,0.0,0.0,0.0,0.0,0.0,2.0,25.5,4.015061,0.0,0.0,0.0,0.0,3.6231883,0.29230008,0.0,1
4.0,0.0,0.0,1.0,0.0,0.0,0.0,0.0,1.0,1.0,4.0,31.0,4.2439427,0.0,1.0,0.0,0.0,1.6214048,0.7237899,1.0,1
1.0,1.0,0.0,0.0,0.0,0.0,0.0,0.0,0.0,0.0,1.0,38.0,4.165838,0.0,0.0,0.0,0.0,84.839165,0.0,0.0,0
5.0,1.0,1.0,1.0,1.0,0.0,0.0,0.0,0.0,0.0,5.0,29.0,3.8538632,0.0,0.0,0.0,0.0,1.8317256,0.37605408,0.6,1
2.0,1.0,0.0,0.0,0.0,0.0,0.0,0.0,0.0,1.0,2.0,45.0,4.669485,0.0,0.0,0.0,0.0,43.39401,11.423725,0.5,0
2.0,1.0,1.0,0.0,0.0,0.0,0.0,0.0,0.0,0.0,2.0,25.5,4.015061,0.0,0.0,0.0,0.0,2.5833478,0.5737648,0.0,1
3.0,0.0,0.0,0.0,0.0,1.0,1.0,0.0,0.0,0.0,2.0,70.0,5.04289,0.0,0.0,0.0,0.0,82.12731,35.962704,0.0,0
2.0,1.0,0.0,0.0,0.0,0.0,0.0,0.0,0.0,0.0,1.0,38.0,4.3988576,0.0,0.0,0.0,0.0,60.495655,18.937641,0.0,0
2.0,1.0,1.0,0.0,0.0,0.0,0.0,0.0,0.0,0.0,2.0,25.5,4.015061,0.0,0.0,0.0,0.0,3.5107026,1.3354219,0.0,1
2.0,1.0,0.0,0.0,0.0,0.0,0.0,0.0,1.0,0.0,2.0,42.5,4.509495,0.0,0.0,0.0,0.0,57.857582,12.222225,0.5,0
2.0,0.0,0.0,0.0,0.0,1.0,1.0,0.0,0.0,0.0,2.0,69.0,5.04289,0.0,0.0,0.0,0.0,64.608696,23.41003,0.0,0
2.0,1.0,1.0,0.0,0.0,0.0,0.0,0.0,0.0,0.0,2.0,25.5,4.015061,0.0,0.0,0.0,0.0,4.1409473,1.2018646,0.0,1
2.0,1.0,0.0,0.0,0.0,0.0,0.0,0.0,1.0,0.0,2.0,42.5,4.509495,0.0,0.0,0.0,0.0,44.591175,5.4477024,0.5,0
2.0,1.0,0.0,0.0,0.0,0.0,0.0,0.0,1.0,0.0,2.0,42.5,4.509495,0.0,0.0,0.0,0.0,59.203686,5.2914357,0.5,0
4.0,0.0,0.0,1.0,0.0,0.0,0.0,0.0,1.0,1.0,4.0,33.0,4.2439427,0.0,1.0,0.0,0.0,2.0532582,0.99197805,1.0,1
2.0,0.0,0.0,0.0,0.0,1.0,0.0,0.0,0.0,0.0,2.0,43.0,4.9019876,0.0,0.0,0.0,0.0,5.39195,0.2372386,0.0,1
2.0,0.0,0.0,0.0,0.0,1.0,0.0,0.0,0.0,0.0,2.0,43.0,4.9019876,0.0,0.0,0.0,0.0,4.530462,0.058167625,0.0,1
5.0,1.0,1.0,1.0,0.0,1.0,0.0,0.0,1.0,0.0,5.0,29.0,3.8538632,0.0,0.0,0.0,0.0,2.223814,0.9943489,0.4,1
1.0,1.0,0.0,0.0,0.0,0.0,0.0,0.0,0.0,0.0,1.0,19.0,3.5110855,0.0,0.0,0.0,0.0,87.38861,0.0,0.0,0
1.0,0.0,0.0,0.0,0.0,0.0,1.0,0.0,0.0,0.0,1.0,46.0,4.778678,0.0,0.0,0.0,0.0,57.846203,0.0,0.0,0
3.0,0.0,0.0,0.0,0.0,1.0,1.0,0.0,0.0,0.0,3.0,53.666668,4.749128,0.0,0.0,0.0,0.0,108.46232,36.96523,0.0,0
3.0,0.0,0.0,0.0,0.0,1.0,1.0,0.0,0.0,0.0,2.0,47.5,4.778678,0.0,0.0,0.0,0.0,81.87815,35.19642,0.0,0
3.0,0.0,0.0,1.0,0.0,0.0,0.0,0.0,1.0,0.0,3.0,28.666666,4.209867,0.0,1.0,0.0,0.0,1.6247371,0.6724327,1.0,1
4.0,0.0,0.0,1.0,0.0,0.0,0.0,0.0,1.0,1.0,4.0,31.5,4.2439427,0.0,1.0,0.0,0.0,1.8824974,0.5031636,1.0,1
2.0,1.0,1.0,0.0,0.0,0.0,0.0,0.0,0.0,0.0,2.0,25.5,4.015061,0.0,0.0,0.0,0.0,3.3352642,1.2730722,0.0,1
1.0,0.0,1.0,0.0,0.0,0.0,0.0,0.0,0.0,0.0,1.0,28.0,4.164498,1.0,0.0,0.0,0.0,1.5007638,0.0,0.0,1
2.0,0.0,0.0,0.0,0.0,1.0,0.0,0.0,0.0,0.0,2.0,43.0,4.9019876,0.0,0.0,0.0,0.0,6.901951,0.8954911,0.0,1
1.0,1.0,0.0,0.0,0.0,0.0,0.0,0.0,0.0,0.0,1.0,19.0,3.5110855,0.0,0.0,0.0,0.0,75.28846,0.0,0.0,0
2.0,1.0,0.0,0.0,0.0,0.0,0.0,0.0,0.0,1.0,2.0,45.0,4.669485,0.0,0.0,0.0,0.0,71.52265,0.6932188,0.5,0
2.0,0.0,0.0,0.0,0.0,1.0,0.0,0.0,0.0,0.0,2.0,43.0,4.9019876,0.0,0.0,0.0,0.0,6.1206756,0.320944,0.0,1
2.0,1.0,1.0,0.0,0.0,0.0,0.0,0.0,0.0,0.0,2.0,25.5,4.015061,0.0,0.0,0.0,0.0,3.5283508,1.129269,0.0,1
2.0,0.0,0.0,0.0,0.0,0.0,0.0,1.0,0.0,0.0,2.0,52.5,4.545289,0.0,0.0,0.0,1.0,11.17727,0.5381992,0.5,1
2.0,0.0,0.0,0.0,0.0,1.0,0.0,0.0,0.0,0.0,2.0,43.0,4.9019876,0.0,0.0,0.0,0.0,3.8205845,0.73581237,0.0,1
3.0,0.0,0.0,0.0,0.0,1.0,1.0,0.0,0.0,0.0,3.0,53.666668,4.749128,0.0,0.0,0.0,0.0,97.89169,30.01197,0.0,0
2.0,0.0,0.0,0.0,0.0,1.0,0.0,0.0,0.0,0.0,2.0,43.0,4.9019876,0.0,0.0,0.0,0.0,3.370835,0.20673306,0.0,1
1.0,1.0,0.0,0.0,0.0,0.0,0.0,0.0,0.0,0.0,1.0,38.0,4.165838,0.0,0.0,0.0,0.0,84.47325,0.0,0.0,0
2.0,0.0,0.0,0.0,0.0,0.0,0.0,1.0,0.0,0.0,2.0,54.5,4.567343,0.0,0.0,0.0,1.0,7.2145987,2.8425958,0.5,1
1.0,0.0,0.0,0.0,0.0,0.0,1.0,0.0,0.0,0.0,1.0,89.0,5.04289,0.0,0.0,0.0,0.0,116.5662,0.0,0.0,0
3.0,0.0,1.0,0.0,0.0,1.0,0.0,0.0,0.0,0.0,3.0,29.0,3.8538632,0.0,0.0,0.0,0.0,2.9124272,0.6025937,0.33333334,1
2.0,0.0,0.0,0.0,0.0,1.0,0.0,0.0,0.0,0.0,2.0,43.0,4.9019876,0.0,0.0,0.0,0.0,5.2194595,1.7643832,0.0,1
5.0,1.0,1.0,0.0,1.0,1.0,0.0,0.0,0.0,0.0,5.0,29.0,3.8538632,0.0,0.0,0.0,0.0,3.336985,0.7922834,0.4,1
3.0,0.0,0.0,0.0,0.0,1.0,1.0,0.0,0.0,0.0,3.0,53.666668,4.749128,0.0,0.0,0.0,0.0,96.66838,30.697422,0.0,0
2.0,1.0,0.0,0.0,0.0,0.0,0.0,0.0,0.0,0.0,1.0,38.0,4.3988576,0.0,0.0,0.0,0.0,51.54292,5.847379,0.0,0
1.0,1.0,0.0,0.0,0.0,0.0,0.0,0.0,0.0,0.0,1.0,39.0,4.16042,0.0,0.0,0.0,0.0,47.582764,0.0,0.0,0
2.0,1.0,0.0,0.0,0.0,0.0,0.0,0.0,0.0,0.0,1.0,38.0,4.3988576,0.0,0.0,0.0,0.0,51.076706,14.443118,0.0,0
1.0,1.0,0.0,0.0,0.0,0.0,0.0,0.0,0.0,0.0,1.0,19.0,3.5110855,0.0,0.0,0.0,0.0,67.54949,0.0,0.0,0
1.0,0.0,0.0,0.0,0.0,0.0,1.0,0.0,0.0,0.0,1.0,46.0,4.778678,0.0,0.0,0.0,0.0,89.05313,0.0,0.0,0
2.0,1.0,0.0,0.0,0.0,0.0,0.0,0.0,1.0,0.0,2.0,42.5,4.509495,0.0,0.0,0.0,0.0,63.275867,7.13937,0.5,0
4.0,0.0,0.0,1.0,0.0,0.0,0.0,0.0,1.0,1.0,4.0,31.0,4.2439427,0.0,1.0,0.0,0.0,2.212537,1.0139253,1.0,1
1.0,1.0,0.0,0.0,0.0,0.0,0.0,0.0,0.0,0.0,1.0,39.0,4.16042,0.0,0.0,0.0,0.0,76.43569,0.0,0.0,0
2.0,0.0,0.0,0.0,0.0,1.0,0.0,0.0,0.0,0.0,2.0,43.0,4.9019876,0.0,0.0,0.0,0.0,4.8274145,2.1497295,0.0,1
5.0,1.0,1.0,1.0,0.0,1.0,0.0,0.0,0.0,0.0,5.0,29.0,3.8538632,0.0,0.0,0.0,0.0,2.6462803,0.80191493,0.4,1
2.0,1.0,1.0,0.0,0.0,0.0,0.0,0.0,0.0,0.0,2.0,25.5,4.015061,0.0,0.0,0.0,0.0,5.3819184,0.033461317,0.0,1
2.0,0.0,0.0,0.0,0.0,1.0,0.0,0.0,0.0,0.0,2.0,43.0,4.9019876,0.0,0.0,0.0,0.0,4.6930485,1.8971363,0.0,1
2.0,1.0,1.0,0.0,0.0,0.0,0.0,0.0,0.0,0.0,2.0,25.5,4.015061,0.0,0.0,0.0,0.0,5.047572,0.14263007,0.0,1
2.0,1.0,0.0,0.0,0.0,0.0,0.0,0.0,0.0,0.0,1.0,38.0,4.3988576,0.0,0.0,0.0,0.0,58.750053,1.419296,0.0,0
1.0,1.0,0.0,0.0,0.0,0.0,0.0,0.0,0.0,0.0,1.0,38.0,4.165838,0.0,0.0,0.0,0.0,61.928894,0.0,0.0,0
2.0,0.0,0.0,0.0,0.0,1.0,1.0,0.0,0.0,0.0,2.0,69.0,5.04289,0.0,0.0,0.0,0.0,63.271038,2.4372053,0.0,0
1.0,1.0,0.0,0.0,0.0,0.0,0.0,0.0,0.0,0.0,1.0,39.0,4.16042,0.0,0.0,0.0,0.0,70.03916,0.0,0.0,0
2.0,0.0,0.0,0.0,0.0,0.0,0.0,1.0,0.0,0.0,2.0,52.5,4.545289,0.0,0.0,0.0,1.0,7.45798,2.2195344,0.5,1
3.0,0.0,0.0,0.0,0.0,0.0,0.0,1.0,0.0,0.0,3.0,53.333332,4.567343,0.0,0.0,0.0,1.0,8.263589,2.9167778,0.33333334,1
3.0,0.0,0.0,0.0,0.0,1.0,1.0,0.0,0.0,0.0,3.0,53.666668,4.749128,0.0,0.0,0.0,0.0,91.808136,32.783424,0.0,0
1.0,1.0,0.0,0.0,0.0,0.0,0.0,0.0,0.0,0.0,1.0,39.0,4.16042,0.0,0.0,0.0,0.0,66.236374,0.0,0.0,0
1.0,1.0,0.0,0.0,0.0,0.0,0.0,0.0,0.0,0.0,1.0,38.0,4.165838,0.0,0.0,0.0,0.0,67.58481,0.0,0.0,0
2.0,0.0,0.0,0.0,0.0,0.0,0.0,1.0,0.0,0.0,2.0,54.5,4.567343,0.0,0.0,0.0,1.0,10.186925,0.880249,0.5,1
2.0,0.0,0.0,0.0,0.0,0.0,0.0,1.0,0.0,0.0,2.0,54.5,4.567343,0.0,0.0,0.0,1.0,10.274356,1.3281107,0.5,1
2.0,0.0,0.0,0.0,0.0,1.0,0.0,0.0,0.0,0.0,2.0,43.0,4.9019876,0.0,0.0,0.0,0.0,7.463259,0.43297318,0.0,1
4.0,1.0,0.0,0.0,0.0,1.0,0.0,0.0,1.0,0.0,4.0,29.0,3.8538632,0.0,0.0,0.0,0.0,3.1587381,0.7591159,0.5,1
3.0,0.0,0.0,0.0,0.0,1.0,1.0,0.0,0.0,0.0,3.0,53.666668,4.749128,0.0,0.0,0.0,0.0,76.85997,31.990437,0.0,0
2.0,1.0,0.0,0.0,0.0,0.0,0.0,0.0,0.0,0.0,1.0,38.0,4.3988576,0.0,0.0,0.0,0.0,61.20934,8.931496,0.0,0
3.0,0.0,0.0,1.0,1.0,0.0,0.0,0.0,0.0,0.0,3.0,29.0,3.8538632,0.0,0.0,0.0,0.0,3.0718827,1.1099883,1.0,1
3.0,0.0,0.0,0.0,0.0,1.0,1.0,0.0,0.0,0.0,2.0,69.0,5.04289,0.0,0.0,0.0,0.0,98.11416,7.5525813,0.0,0
2.0,1.0,1.0,0.0,0.0,0.0,0.0,0.0,0.0,0.0,2.0,29.0,4.164498,1.0,0.0,0.0,0.0,5.341618,0.11224926,0.0,1
3.0,0.0,0.0,0.0,0.0,1.0,1.0,0.0,0.0,0.0,3.0,53.666668,4.749128,0.0,0.0,0.0,0.0,125.55078,13.383157,0.0,0
2.0,1.0,1.0,0.0,0.0,0.0,0.0,0.0,0.0,0.0,2.0,25.5,4.015061,0.0,0.0,0.0,0.0,3.3208206,1.1882185,0.0,1
3.0,0.0,0.0,1.0,0.0,0.0,0.0,0.0,1.0,0.0,3.0,28.0,4.209867,0.0,1.0,0.0,0.0,2.422743,1.017744,1.0,1
2.0,1.0,1.0,0.0,0.0,0.0,0.0,0.0,0.0,0.0,2.0,25.5,4.015061,0.0,0.0,0.0,0.0,3.8606741,0.3450864,0.0,1
3.0,0.0,1.0,1.0,0.0,0.0,0.0,0.0,0.0,0.0,3.0,29.0,3.8538632,0.0,0.0,0.0,0.0,1.8547055,0.9782738,0.6666667,1
2.0,1.0,0.0,0.0,0.0,0.0,0.0,0.0,0.0,0.0,1.0,38.0,4.3988576,0.0,0.0,0.0,0.0,52.325687,17.01891,0.0,0
3.0,1.0,1.0,0.0,1.0,0.0,0.0,0.0,0.0,0.0,3.0,31.0,4.3578377,1.0,0.0,0.0,0.0,3.3515327,1.4568557,0.33333334,1
4.0,0.0,0.0,1.0,0.0,0.0,0.0,0.0,1.0,1.0,4.0,31.0,4.2439427,0.0,1.0,0.0,0.0,2.6186767,0.5941049,1.0,1
5.0,1.0,0.0,1.0,1.0,0.0,0.0,0.0,1.0,0.0,5.0,29.0,3.8538632,0.0,0.0,0.0,0.0,1.9847355,0.67531097,0.8,1
5.0,1.0,0.0,1.0,1.0,1.0,0.0,0.0,1.0,0.0,5.0,29.0,3.8538632,0.0,0.0,0.0,0.0,2.1035318,0.6907593,0.6,1
3.0,0.0,0.0,0.0,0.0,1.0,1.0,0.0,0.0,0.0,2.0,70.0,5.04289,0.0,0.0,0.0,0.0,39.4469,9.385659,0.0,0
3.0,0.0,0.0,0.0,0.0,1.0,1.0,0.0,0.0,0.0,3.0,53.666668,4.749128,0.0,0.0,0.0,0.0,112.59904,26.707453,0.0,0
3.0,0.0,0.0,0.0,0.0,0.0,0.0,1.0,0.0,0.0,3.0,53.333332,4.567343,0.0,0.0,0.0,1.0,5.997783,1.3955475,0.33333334,1
4.0,1.0,0.0,0.0,1.0,0.0,0.0,0.0,1.0,0.0,4.0,29.0,3.8538632,0.0,0.0,0.0,0.0,2.6861598,0.9885594,0.75,1
3.0,0.0,0.0,0.0,0.0,1.0,1.0,0.0,0.0,0.0,3.0,53.666668,4.749128,0.0,0.0,0.0,0.0,88.24402,19.11054,0.0,0
2.0,1.0,1.0,0.0,0.0,0.0,0.0,0.0,0.0,0.0,2.0,25.5,4.015061,0.0,0.0,0.0,0.0,3.4377825,0.18218686,0.0,1
2.0,0.0,0.0,0.0,0.0,1.0,0.0,0.0,0.0,0.0,2.0,43.0,4.9019876,0.0,0.0,0.0,0.0,4.574557,1.4759772,0.0,1
2.0,0.0,0.0,0.0,0.0,0.0,0.0,1.0,0.0,0.0,2.0,54.5,4.567343,0.0,0.0,0.0,1.0,8.350916,2.7794604,0.5,1
3.0,0.0,0.0,0.0,0.0,1.0,1.0,0.0,0.0,0.0,2.0,69.0,5.04289,0.0,0.0,0.0,0.0,97.63878,9.047948,0.0,0
1.0,1.0,0.0,0.0,0.0,0.0,0.0,0.0,0.0,0.0,1.0,39.0,4.16042,0.0,0.0,0.0,0.0,68.09564,0.0,0.0,0
3.0,0.0,0.0,0.0,0.0,1.0,1.0,0.0,0.0,0.0,3.0,53.666668,4.749128,0.0,0.0,0.0,0.0,83.818115,22.695108,0.0,0
2.0,1.0,0.0,0.0,0.0,0.0,0.0,0.0,0.0,1.0,2.0,45.0,4.669485,0.0,0.0,0.0,0.0,54.377827,1.1427712,0.5,0
2.0,0.0,0.0,0.0,0.0,1.0,0.0,0.0,0.0,0.0,2.0,43.0,4.9019876,0.0,0.0,0.0,0.0,3.1860492,0.6277951,0.0,1
1.0,1.0,0.0,0.0,0.0,0.0,0.0,0.0,0.0,0.0,1.0,19.0,3.5110855,0.0,0.0,0.0,0.0,43.42224,0.0,0.0,0
2.0,0.0,0.0,0.0,0.0,1.0,0.0,0.0,0.0,0.0,2.0,43.0,4.9019876,0.0,0.0,0.0,0.0,6.922344,0.79557097,0.0,1
3.0,0.0,0.0,0.0,0.0,1.0,1.0,0.0,0.0,0.0,3.0,53.666668,4.749128,0.0,0.0,0.0,0.0,103.83914,42.748623,0.0,0
2.0,0.0,0.0,0.0,0.0,0.0,0.0,1.0,0.0,0.0,2.0,52.5,4.545289,0.0,0.0,0.0,1.0,7.610417,1.7382678,0.5,1
2.0,1.0,0.0,0.0,0.0,0.0,0.0,0.0,1.0,0.0,2.0,42.5,4.509495,0.0,0.0,0.0,0.0,53.10794,0.37576947,0.5,0
4.0,0.0,0.0,1.0,1.0,0.0,0.0,0.0,1.0,0.0,4.0,29.0,3.8538632,0.0,0.0,0.0,0.0,2.362291,0.776634,1.0,1
2.0,1.0,0.0,0.0,0.0,0.0,0.0,0.0,0.0,0.0,1.0,38.0,4.3988576,0.0,0.0,0.0,0.0,67.22014,4.5533133,0.0,0
3.0,0.0,0.0,0.0,0.0,1.0,1.0,0.0,0.0,0.0,3.0,53.666668,4.749128,0.0,0.0,0.0,0.0,98.718575,35.11068,0.0,0
2.0,1.0,0.0,0.0,0.0,0.0,0.0,0.0,1.0,0.0,2.0,42.5,4.509495,0.0,0.0,0.0,0.0,71.995735,2.3628623,0.5,0
3.0,0.0,0.0,1.0,0.0,0.0,0.0,0.0,1.0,0.0,3.0,30.666666,4.209867,0.0,1.0,0.0,0.0,1.7228074,0.33455566,1.0,1
3.0,0.0,0.0,1.0,0.0,0.0,0.0,0.0,1.0,0.0,3.0,28.0,4.209867,0.0,1.0,0.0,0.0,1.7593813,0.70202434,1.0,1
1.0,0.0,0.0,0.0,0.0,0.0,1.0,0.0,0.0,0.0,1.0,46.0,4.778678,0.0,0.0,0.0,0.0,45.016876,0.0,0.0,0
2.0,1.0,1.0,0.0,0.0,0.0,0.0,0.0,0.0,0.0,2.0,25.5,4.015061,0.0,0.0,0.0,0.0,2.114783,0.036222015,0.0,1
1.0,1.0,0.0,0.0,0.0,0.0,0.0,0.0,0.0,0.0,1.0,39.0,4.16042,0.0,0.0,0.0,0.0,72.77242,0.0,0.0,0
2.0,0.0,0.0,0.0,0.0,1.0,0.0,0.0,0.0,0.0,2.0,43.0,4.9019876,0.0,0.0,0.0,0.0,3.3613179,0.05355973,0.0,1
3.0,0.0,0.0,0.0,0.0,1.0,1.0,0.0,0.0,0.0,3.0,53.666668,4.749128,0.0,0.0,0.0,0.0,83.324684,29.231005,0.0,0
2.0,1.0,0.0,0.0,0.0,0.0,0.0,0.0,0.0,1.0,2.0,45.0,4.669485,0.0,0.0,0.0,0.0,50.577984,9.748312,0.5,0
2.0,1.0,1.0,0.0,0.0,0.0,0.0,0.0,0.0,0.0,2.0,25.5,4.015061,0.0,0.0,0.0,0.0,3.7516282,1.1546444,0.0,1
1.0,1.0,0.0,0.0,0.0,0.0,0.0,0.0,0.0,0.0,1.0,19.0,3.5110855,0.0,0.0,0.0,0.0,74.578926,0.0,0.0,0
5.0,0.0,0.0,1.0,1.0,1.0,0.0,0.0,1.0,0.0,5.0,29.0,3.8538632,0.0,0.0,0.0,0.0,2.1754227,0.94236076,0.8,1
1.0,1.0,0.0,0.0,0.0,0.0,0.0,0.0,0.0,0.0,1.0,19.0,3.5110855,0.0,0.0,0.0,0.0,40.777916,0.0,0.0,0
2.0,0.0,0.0,0.0,0.0,1.0,0.0,0.0,0.0,0.0,2.0,43.0,4.9019876,0.0,0.0,0.0,0.0,6.563308,0.7643318,0.0,1
2.0,0.0,0.0,0.0,0.0,1.0,1.0,0.0,0.0,0.0,2.0,70.0,5.04289,0.0,0.0,0.0,0.0,93.46036,17.228191,0.0,0
5.0,0.0,1.0,1.0,1.0,1.0,0.0,0.0,0.0,0.0,5.0,29.0,3.8538632,0.0,0.0,0.0,0.0,2.9894896,0.56239617,0.6,1
5.0,1.0,1.0,1.0,0.0,1.0,0.0,0.0,0.0,0.0,5.0,29.0,3.8538632,0.0,0.0,0.0,0.0,2.6372442,0.8264473,0.4,1
4.0,0.0,0.0,1.0,0.0,0.0,0.0,0.0,1.0,1.0,4.0,31.0,4.2439427,0.0,1.0,0.0,0.0,2.010317,0.7301148,1.0,1
5.0,0.0,0.0,1.0,1.0,0.0,0.0,0.0,0.0,1.0,3.0,28.666666,4.2439427,0.0,1.0,0.0,0.0,1.7656134,0.43782684,0.8,1
2.0,1.0,0.0,0.0,0.0,0.0,0.0,0.0,0.0,0.0,1.0,38.0,4.3988576,0.0,0.0,0.0,0.0,53.904156,10.126129,0.0,0
3.0,0.0,0.0,0.0,0.0,1.0,1.0,0.0,0.0,0.0,3.0,53.666668,4.749128,0.0,0.0,0.0,0.0,87.24087,19.504753,0.0,0
3.0,0.0,0.0,0.0,0.0,1.0,1.0,0.0,0.0,0.0,3.0,53.666668,4.749128,0.0,0.0,0.0,0.0,73.17552,4.086621,0.0,0
1.0,1.0,0.0,0.0,0.0,0.0,0.0,0.0,0.0,0.0,1.0,19.0,3.5110855,0.0,0.0,0.0,0.0,42.145145,0.0,0.0,0
3.0,1.0,0.0,1.0,0.0,0.0,0.0,0.0,0.0,0.0,3.0,29.0,3.8538632,0.0,0.0,0.0,0.0,2.2895749,0.2671452,0.6666667,1
2.0,0.0,0.0,0.0,0.0,1.0,1.0,0.0,0.0,0.0,2.0,70.0,5.04289,0.0,0.0,0.0,0.0,102.31218,0.89708996,0.0,0
2.0,0.0,0.0,0.0,0.0,1.0,0.0,0.0,0.0,0.0,2.0,43.0,4.9019876,0.0,0.0,0.0,0.0,3.8735092,1.0210667,0.0,1
1.0,0.0,1.0,0.0,0.0,0.0,0.0,0.0,0.0,0.0,1.0,28.0,4.164498,1.0,0.0,0.0,0.0,4.7602262,0.0,0.0,1
3.0,0.0,0.0,0.0,0.0,1.0,1.0,0.0,0.0,0.0,3.0,53.666668,4.749128,0.0,0.0,0.0,0.0,107.707825,8.560206,0.0,0
1.0,1.0,0.0,0.0,0.0,0.0,0.0,0.0,0.0,0.0,1.0,19.0,3.5110855,0.0,0.0,0.0,0.0,64.6621,0.0,0.0,0
5.0,1.0,1.0,1.0,1.0,0.0,0.0,0.0,1.0,0.0,5.0,29.0,3.8538632,0.0,0.0,0.0,0.0,1.3615196,0.2664716,0.6,1
3.0,0.0,0.0,0.0,0.0,1.0,1.0,0.0,0.0,0.0,3.0,53.666668,4.749128,0.0,0.0,0.0,0.0,88.9262,11.151075,0.0,0
2.0,0.0,0.0,0.0,0.0,1.0,1.0,0.0,0.0,0.0,2.0,48.5,4.778678,0.0,0.0,0.0,0.0,80.24203,22.23189,0.0,0
3.0,0.0,0.0,1.0,0.0,0.0,0.0,0.0,1.0,0.0,3.0,28.666666,4.209867,0.0,1.0,0.0,0.0,1.918834,0.3461683,1.0,1
1.0,0.0,1.0,0.0,0.0,0.0,0.0,0.0,0.0,0.0,1.0,28.0,4.164498,1.0,0.0,0.0,0.0,3.0298464,0.0,0.0,1
2.0,0.0,0.0,0.0,0.0,1.0,0.0,0.0,0.0,0.0,2.0,43.0,4.9019876,0.0,0.0,0.0,0.0,7.5402617,0.22163983,0.0,1
2.0,1.0,0.0,0.0,0.0,0.0,0.0,0.0,0.0,0.0,1.0,38.0,4.3988576,0.0,0.0,0.0,0.0,50.496223,1.642209,0.0,0
3.0,0.0,0.0,1.0,0.0,0.0,0.0,0.0,1.0,0.0,3.0,28.666666,4.209867,0.0,1.0,0.0,0.0,2.9961276,0.25446185,1.0,1
2.0,0.0,0.0,0.0,0.0,0.0,0.0,1.0,0.0,0.0,2.0,54.5,4.567343,0.0,0.0,0.0,1.0,8.685317,1.623931,0.5,1
3.0,0.0,1.0,0.0,1.0,1.0,0.0,0.0,0.0,0.0,3.0,29.0,3.8538632,0.0,0.0,0.0,0.0,2.481673,1.1592617,0.33333334,1
1.0,1.0,0.0,0.0,0.0,0.0,0.0,0.0,0.0,0.0,1.0,38.0,4.165838,0.0,0.0,0.0,0.0,40.580566,0.0,0.0,0
2.0,1.0,0.0,0.0,0.0,0.0,0.0,0.0,0.0,1.0,2.0,45.0,4.669485,0.0,0.0,0.0,0.0,48.32593,9.401644,0.5,0
5.0,0.0,0.0,1.0,1.0,0.0,0.0,0.0,0.0,1.0,3.0,28.666666,4.2439427,0.0,1.0,0.0,0.0,2.3046968,0.8384297,0.8,1
3.0,0.0,0.0,1.0,0.0,0.0,0.0,0.0,1.0,0.0,3.0,30.666666,4.209867,0.0,1.0,0.0,0.0,2.5104344,0.771861,1.0,1
2.0,1.0,1.0,0.0,0.0,0.0,0.0,0.0,0.0,0.0,2.0,27.5,4.282484,1.0,0.0,0.0,0.0,4.5132813,0.027873104,0.0,1
1.0,0.0,0.0,0.0,0.0,0.0,1.0,0.0,0.0,0.0,1.0,46.0,4.778678,0.0,0.0,0.0,0.0,71.77234,0.0,0.0,0
2.0,1.0,0.0,0.0,0.0,0.0,0.0,0.0,1.0,0.0,2.0,42.5,4.509495,0.0,0.0,0.0,0.0,53.678356,14.534761,0.5,0
3.0,0.0,0.0,0.0,0.0,1.0,1.0,0.0,0.0,0.0,3.0,53.666668,4.749128,0.0,0.0,0.0,0.0,71.273224,23.958546,0.0,0
3.0,0.0,0.0,0.0,0.0,1.0,1.0,0.0,0.0,0.0,3.0,53.666668,4.749128,0.0,0.0,0.0,0.0,88.38189,41.36619,0.0,0
1.0,1.0,0.0,0.0,0.0,0.0,0.0,0.0,0.0,0.0,1.0,38.0,4.165838,0.0,0.0,0.0,0.0,93.59043,0.0,0.0,0
3.0,0.0,0.0,0.0,0.0,1.0,1.0,0.0,0.0,0.0,3.0,53.666668,4.749128,0.0,0.0,0.0,0.0,76.59967,29.92358,0.0,0
3.0,1.0,1.0,0.0,1.0,0.0,0.0,0.0,0.0,0.0,3.0,31.0,4.3578377,1.0,0.0,0.0,0.0,3.6315634,0.69102436,0.33333334,1
2.0,1.0,1.0,0.0,0.0,0.0,0.0,0.0,0.0,0.0,2.0,25.5,4.015061,0.0,0.0,0.0,0.0,4.2778406,1.0770031,0.0,1
2.0,1.0,1.0,0.0,0.0,0.0,0.0,0.0,0.0,0.0,2.0,25.5,4.015061,0.0,0.0,0.0,0.0,3.5946789,0.85781527,0.0,1
2.0,1.0,1.0,0.0,0.0,0.0,0.0,0.0,0.0,0.0,2.0,25.5,4.015061,0.0,0.0,0.0,0.0,2.8041577,0.17454553,0.0,1
2.0,0.0,0.0,0.0,0.0,1.0,0.0,0.0,0.0,0.0,2.0,43.0,4.9019876,0.0,0.0,0.0,0.0,6.625557,0.35249156,0.0,1
1.0,1.0,0.0,0.0,0.0,0.0,0.0,0.0,0.0,0.0,1.0,19.0,3.5110855,0.0,0.0,0.0,0.0,60.933125,0.0,0.0,0
5.0,0.0,0.0,1.0,1.0,0.0,0.0,0.0,0.0,1.0,3.0,30.666666,4.2439427,0.0,1.0,0.0,0.0,1.8432757,0.8286733,0.8,1
2.0,1.0,0.0,0.0,0.0,0.0,0.0,0.0,1.0,0.0,2.0,42.5,4.509495,0.0,0.0,0.0,0.0,51.554317,6.5526066,0.5,0
3.0,0.0,0.0,0.0,0.0,1.0,1.0,0.0,0.0,0.0,3.0,53.666668,4.749128,0.0,0.0,0.0,0.0,57.518745,5.2409854,0.0,0
3.0,0.0,0.0,0.0,1.0,1.0,0.0,0.0,1.0,0.0,3.0,29.0,3.8538632,0.0,0.0,0.0,0.0,2.1775672,0.37098286,0.6666667,1
2.0,1.0,0.0,0.0,0.0,0.0,0.0,0.0,0.0,1.0,2.0,45.0,4.669485,0.0,0.0,0.0,0.0,49.071285,1.5167603,0.5,0
1.0,1.0,0.0,0.0,0.0,0.0,0.0,0.0,0.0,0.0,1.0,19.0,3.5110855,0.0,0.0,0.0,0.0,69.553665,0.0,0.0,0
1.0,1.0,0.0,0.0,0.0,0.0,0.0,0.0,0.0,0.0,1.0,38.0,4.165838,0.0,0.0,0.0,0.0,56.30654,0.0,0.0,0
3.0,0.0,0.0,0.0,0.0,1.0,1.0,0.0,0.0,0.0,3.0,53.666668,4.749128,0.0,0.0,0.0,0.0,87.66967,31.288424,0.0,0
3.0,0.0,0.0,0.0,0.0,1.0,1.0,0.0,0.0,0.0,3.0,53.666668,4.749128,0.0,0.0,0.0,0.0,74.618324,24.67794,0.0,0
2.0,1.0,0.0,0.0,0.0,0.0,0.0,0.0,1.0,0.0,2.0,42.5,4.509495,0.0,0.0,0.0,0.0,60.072773,1.4908959,0.5,0
2.0,0.0,0.0,0.0,0.0,1.0,1.0,0.0,0.0,0.0,2.0,47.5,4.778678,0.0,0.0,0.0,0.0,50.892067,4.2113643,0.0,0
3.0,0.0,0.0,0.0,0.0,0.0,0.0,1.0,0.0,0.0,3.0,53.333332,4.567343,0.0,0.0,0.0,1.0,7.6287756,1.2204992,0.33333334,1
2.0,1.0,0.0,0.0,0.0,0.0,0.0,0.0,0.0,0.0,1.0,38.0,4.3988576,0.0,0.0,0.0,0.0,68.81114,9.465157,0.0,0
4.0,0.0,0.0,1.0,0.0,0.0,0.0,0.0,1.0,1.0,4.0,33.0,4.2439427,0.0,1.0,0.0,0.0,2.8458772,0.29171285,1.0,1
3.0,0.0,0.0,1.0,0.0,0.0,0.0,0.0,1.0,0.0,3.0,30.666666,4.209867,0.0,1.0,0.0,0.0,2.15498,0.9288867,1.0,1
2.0,1.0,1.0,0.0,0.0,0.0,0.0,0.0,0.0,0.0,2.0,25.5,4.015061,0.0,0.0,0.0,0.0,4.659994,0.82605416,0.0,1
2.0,0.0,0.0,0.0,0.0,1.0,0.0,0.0,0.0,0.0,2.0,43.0,4.9019876,0.0,0.0,0.0,0.0,4.727794,1.3737854,0.0,1
2.0,1.0,0.0,0.0,0.0,0.0,0.0,0.0,0.0,1.0,2.0,45.0,4.669485,0.0,0.0,0.0,0.0,43.289295,0.919469,0.5,0
1.0,1.0,0.0,0.0,0.0,0.0,0.0,0.0,0.0,0.0,1.0,19.0,3.5110855,0.0,0.0,0.0,0.0,85.311066,0.0,0.0,0
4.0,0.0,1.0,0.0,1.0,1.0,0.0,0.0,0.0,0.0,4.0,29.0,3.8538632,0.0,0.0,0.0,0.0,2.6746187,0.7773126,0.5,1
1.0,1.0,0.0,0.0,0.0,0.0,0.0,0.0,0.0,0.0,1.0,19.0,3.5110855,0.0,0.0,0.0,0.0,70.85505,0.0,0.0,0
3.0,0.0,0.0,0.0,0.0,1.0,1.0,0.0,0.0,0.0,3.0,53.666668,4.749128,0.0,0.0,0.0,0.0,93.99715,15.028586,0.0,0
2.0,0.0,0.0,0.0,0.0,1.0,0.0,0.0,0.0,0.0,2.0,43.0,4.9019876,0.0,0.0,0.0,0.0,3.3708768,0.37832966,0.0,1
2.0,1.0,1.0,0.0,0.0,0.0,0.0,0.0,0.0,0.0,2.0,25.5,4.015061,0.0,0.0,0.0,0.0,2.985915,0.07659028,0.0,1
3.0,0.0,0.0,1.0,0.0,0.0,0.0,0.0,1.0,0.0,3.0,28.666666,4.209867,0.0,1.0,0.0,0.0,2.059643,1.0072359,1.0,1
3.0,0.0,0.0,0.0,0.0,1.0,1.0,0.0,0.0,0.0,3.0,53.666668,4.749128,0.0,0.0,0.0,0.0,108.3263,25.051258,0.0,0
3.0,0.0,0.0,0.0,0.0,1.0,1.0,0.0,0.0,0.0,2.0,70.0,5.04289,0.0,0.0,0.0,0.0,68.28967,7.075625,0.0,0
5.0,1.0,1.0,1.0,1.0,1.0,0.0,0.0,0.0,0.0,5.0,29.0,3.8538632,0.0,0.0,0.0,0.0,2.8863213,0.7632118,0.4,1
2.0,1.0,0.0,0.0,0.0,0.0,0.0,0.0,0.0,0.0,1.0,38.0,4.3988576,0.0,0.0,0.0,0.0,68.79339,1.647044,0.0,0
2.0,1.0,1.0,0.0,0.0,0.0,0.0,0.0,0.0,0.0,2.0,27.5,4.282484,1.0,0.0,0.0,0.0,3.584598,0.78141916,0.0,1
2.0,1.0,0.0,0.0,0.0,0.0,0.0,0.0,0.0,0.0,1.0,38.0,4.3988576,0.0,0.0,0.0,0.0,50.26358,10.874108,0.0,0
1.0,0.0,1.0,0.0,0.0,0.0,0.0,0.0,0.0,0.0,1.0,28.0,4.164498,1.0,0.0,0.0,0.0,2.3367193,0.0,0.0,1
2.0,0.0,0.0,0.0,0.0,0.0,0.0,1.0,0.0,0.0,2.0,54.5,4.567343,0.0,0.0,0.0,1.0,9.769212,0.047644515,0.5,1
4.0,0.0,0.0,1.0,0.0,0.0,0.0,0.0,1.0,1.0,4.0,31.5,4.2439427,0.0,1.0,0.0,0.0,2.0970478,0.55077153,1.0,1
3.0,1.0,0.0,1.0,1.0,0.0,0.0,0.0,0.0,0.0,3.0,29.0,3.8538632,0.0,0.0,0.0,0.0,1.9030759,1.0070126,0.6666667,1
3.0,0.0,0.0,1.0,0.0,0.0,0.0,0.0,1.0,0.0,3.0,28.666666,4.209867,0.0,1.0,0.0,0.0,2.3465233,0.86325574,1.0,1
2.0,1.0,1.0,0.0,0.0,0.0,0.0,0.0,0.0,0.0,2.0,25.5,4.015061,0.0,0.0,0.0,0.0,4.172971,1.3079032,0.0,1
3.0,1.0,0.0,0.0,0.0,0.0,0.0,0.0,1.0,0.0,3.0,29.0,3.8538632,0.0,0.0,0.0,0.0,2.4663773,0.453605,0.6666667,1
5.0,1.0,1.0,1.0,0.0,0.0,0.0,0.0,1.0,0.0,5.0,29.0,3.8538632,0.0,0.0,0.0,0.0,2.115551,0.6098348,0.6,1
1.0,1.0,0.0,0.0,0.0,0.0,0.0,0.0,0.0,0.0,1.0,19.0,3.5110855,0.0,0.0,0.0,0.0,61.049698,0.0,0.0,0
3.0,0.0,0.0,0.0,0.0,0.0,0.0,1.0,0.0,0.0,3.0,53.333332,4.567343,0.0,0.0,0.0,1.0,6.447262,2.7574096,0.33333334,1
4.0,1.0,0.0,0.0,1.0,0.0,0.0,0.0,1.0,0.0,4.0,29.0,3.8538632,0.0,0.0,0.0,0.0,2.6540372,0.60093933,0.75,1
3.0,1.0,0.0,1.0,1.0,0.0,0.0,0.0,0.0,0.0,3.0,29.0,3.8538632,0.0,0.0,0.0,0.0,2.6186218,0.8845343,0.6666667,1
2.0,0.0,0.0,0.0,0.0,1.0,0.0,0.0,0.0,0.0,2.0,43.0,4.9019876,0.0,0.0,0.0,0.0,6.749463,0.08762683,0.0,1
3.0,0.0,0.0,0.0,0.0,1.0,1.0,0.0,0.0,0.0,3.0,53.666668,4.749128,0.0,0.0,0.0,0.0,81.51806,31.966652,0.0,0
2.0,1.0,0.0,0.0,0.0,0.0,0.0,0.0,0.0,1.0,2.0,45.0,4.669485,0.0,0.0,0.0,0.0,53.070053,1.1950532,0.5,0
4.0,1.0,1.0,0.0,1.0,0.0,0.0,0.0,0.0,0.0,4.0,29.0,3.8538632,0.0,0.0,0.0,0.0,2.693813,0.60057235,0.5,1
1.0,1.0,0.0,0.0,0.0,0.0,0.0,0.0,0.0,0.0,1.0,39.0,4.16042,0.0,0.0,0.0,0.0,66.86825,0.0,0.0,0
3.0,0.0,0.0,0.0,0.0,0.0,0.0,1.0,0.0,0.0,3.0,53.333332,4.567343,0.0,0.0,0.0,1.0,6.6822896,2.0892053,0.33333334,1
4.0,0.0,0.0,1.0,0.0,0.0,0.0,0.0,1.0,1.0,4.0,31.0,4.2439427,0.0,1.0,0.0,0.0,2.5500293,0.65134245,1.0,1
3.0,0.0,0.0,0.0,0.0,1.0,1.0,0.0,0.0,0.0,3.0,53.666668,4.749128,0.0,0.0,0.0,0.0,100.09035,27.968445,0.0,0
2.0,0.0,0.0,0.0,0.0,0.0,0.0,1.0,0.0,0.0,2.0,52.5,4.545289,0.0,0.0,0.0,1.0,6.9273143,0.3511219,0.5,1
3.0,1.0,0.0,1.0,0.0,0.0,0.0,0.0,1.0,0.0,3.0,29.0,3.8538632,0.0,0.0,0.0,0.0,2.5609422,0.82564485,0.6666667,1
2.0,0.0,0.0,0.0,0.0,1.0,0.0,0.0,0.0,0.0,2.0,43.0,4.9019876,0.0,0.0,0.0,0.0,5.3334637,0.69617033,0.0,1
2.0,0.0,0.0,0.0,0.0,1.0,0.0,0.0,0.0,0.0,2.0,43.0,4.9019876,0.0,0.0,0.0,0.0,5.1324444,1.2247826,0.0,1
2.0,0.0,0.0,0.0,0.0,1.0,0.0,0.0,0.0,0.0,2.0,43.0,4.9019876,0.0,0.0,0.0,0.0,4.5100613,1.9380875,0.0,1
3.0,0.0,0.0,0.0,0.0,1.0,1.0,0.0,0.0,0.0,3.0,53.666668,4.749128,0.0,0.0,0.0,0.0,121.71316,21.806814,0.0,0
2.0,1.0,0.0,0.0,0.0,0.0,0.0,0.0,0.0,0.0,1.0,38.0,4.3988576,0.0,0.0,0.0,0.0,70.8477,3.6738293,0.0,0
3.0,0.0,0.0,0.0,0.0,1.0,1.0,0.0,0.0,0.0,2.0,70.0,5.04289,0.0,0.0,0.0,0.0,77.145256,31.874516,0.0,0
2.0,0.0,0.0,0.0,0.0,1.0,0.0,0.0,0.0,0.0,2.0,43.0,4.9019876,0.0,0.0,0.0,0.0,4.7613006,1.7271448,0.0,1
1.0,1.0,0.0,0.0,0.0,0.0,0.0,0.0,0.0,0.0,1.0,39.0,4.16042,0.0,0.0,0.0,0.0,66.57152,0.0,0.0,0
3.0,0.0,1.0,0.0,0.0,0.0,0.0,0.0,1.0,0.0,3.0,29.0,3.8538632,0.0,0.0,0.0,0.0,2.159323,0.6557648,0.6666667,1
2.0,1.0,1.0,0.0,0.0,0.0,0.0,0.0,0.0,0.0,2.0,25.5,4.015061,0.0,0.0,0.0,0.0,3.9768445,0.482082,0.0,1
5.0,0.0,0.0,1.0,1.0,0.0,0.0,0.0,0.0,1.0,3.0,28.666666,4.2439427,0.0,1.0,0.0,0.0,2.543963,0.413829,0.8,1
2.0,1.0,0.0,0.0,0.0,0.0,0.0,0.0,1.0,0.0,2.0,42.5,4.509495,0.0,0.0,0.0,0.0,56.139603,5.522438,0.5,0
2.0,1.0,0.0,0.0,0.0,0.0,0.0,0.0,0.0,0.0,1.0,38.0,4.3988576,0.0,0.0,0.0,0.0,49.65872,7.622592,0.0,0
2.0,0.0,0.0,0.0,0.0,1.0,0.0,0.0,0.0,0.0,2.0,43.0,4.9019876,0.0,0.0,0.0,0.0,5.7456493,1.848159,0.0,1
3.0,0.0,0.0,0.0,0.0,1.0,1.0,0.0,0.0,0.0,3.0,53.666668,4.749128,0.0,0.0,0.0,0.0,76.47171,48.891933,0.0,0
1.0,0.0,1.0,0.0,0.0,0.0,0.0,0.0,0.0,0.0,1.0,28.0,4.164498,1.0,0.0,0.0,0.0,5.970354,0.0,0.0,1
2.0,0.0,0.0,0.0,0.0,0.0,0.0,1.0,0.0,0.0,2.0,54.5,4.567343,0.0,0.0,0.0,1.0,6.11891,0.40032744,0.5,1
2.0,1.0,0.0,0.0,0.0,0.0,0.0,0.0,0.0,0.0,1.0,38.0,4.3988576,0.0,0.0,0.0,0.0,57.048492,1.4849179,0.0,0
2.0,0.0,0.0,0.0,0.0,1.0,1.0,0.0,0.0,0.0,2.0,48.5,4.778678,0.0,0.0,0.0,0.0,45.002026,5.171851,0.0,0
1.0,1.0,0.0,0.0,0.0,0.0,0.0,0.0,0.0,0.0,1.0,39.0,4.16042,0.0,0.0,0.0,0.0,50.37463,0.0,0.0,0
2.0,0.0,0.0,0.0,0.0,1.0,0.0,0.0,0.0,0.0,2.0,43.0,4.9019876,0.0,0.0,0.0,0.0,6.12362,1.4247298,0.0,1
2.0,1.0,0.0,0.0,0.0,0.0,0.0,0.0,1.0,0.0,2.0,42.5,4.509495,0.0,0.0,0.0,0.0,54.965195,16.320068,0.5,0
3.0,0.0,0.0,0.0,0.0,1.0,1.0,0.0,0.0,0.0,2.0,70.0,5.04289,0.0,0.0,0.0,0.0,68.87576,26.441078,0.0,0
2.0,0.0,0.0,0.0,0.0,0.0,0.0,1.0,0.0,0.0,2.0,52.5,4.545289,0.0,0.0,0.0,1.0,9.256388,1.7819524,0.5,1
2.0,0.0,0.0,0.0,0.0,1.0,1.0,0.0,0.0,0.0,2.0,47.5,4.778678,0.0,0.0,0.0,0.0,52.479286,22.337132,0.0,0
2.0,0.0,0.0,0.0,0.0,1.0,0.0,0.0,0.0,0.0,2.0,43.0,4.9019876,0.0,0.0,0.0,0.0,4.2929497,0.97025937,0.0,1
1.0,0.0,1.0,0.0,0.0,0.0,0.0,0.0,0.0,0.0,1.0,28.0,4.164498,1.0,0.0,0.0,0.0,5.988153,0.0,0.0,1
2.0,0.0,0.0,0.0,0.0,1.0,1.0,0.0,0.0,0.0,2.0,48.5,4.778678,0.0,0.0,0.0,0.0,69.38308,30.321905,0.0,0
2.0,1.0,1.0,0.0,0.0,0.0,0.0,0.0,0.0,0.0,2.0,25.5,4.015061,0.0,0.0,0.0,0.0,3.0863154,0.9137266,0.0,1
3.0,1.0,1.0,0.0,1.0,0.0,0.0,0.0,0.0,0.0,3.0,28.666666,4.182006,1.0,0.0,0.0,0.0,4.341592,0.6377544,0.33333334,1
3.0,0.0,0.0,1.0,0.0,0.0,0.0,0.0,1.0,0.0,3.0,28.666666,4.209867,0.0,1.0,0.0,0.0,2.1179101,0.55894285,1.0,1
1.0,1.0,0.0,0.0,0.0,0.0,0.0,0.0,0.0,0.0,1.0,39.0,4.16042,0.0,0.0,0.0,0.0,39.298637,0.0,0.0,0
2.0,1.0,0.0,0.0,0.0,0.0,0.0,0.0,0.0,0.0,1.0,38.0,4.3988576,0.0,0.0,0.0,0.0,55.34332,20.863586,0.0,0
3.0,0.0,0.0,0.0,0.0,1.0,1.0,0.0,0.0,0.0,3.0,53.666668,4.749128,0.0,0.0,0.0,0.0,73.01035,8.575957,0.0,0
2.0,1.0,0.0,0.0,0.0,0.0,0.0,0.0,0.0,1.0,2.0,45.0,4.669485,0.0,0.0,0.0,0.0,70.096825,9.285773,0.5,0
3.0,0.0,0.0,0.0,0.0,1.0,1.0,0.0,0.0,0.0,3.0,53.666668,4.749128,0.0,0.0,0.0,0.0,112.88815,21.939407,0.0,0
4.0,1.0,0.0,1.0,0.0,0.0,0.0,0.0,1.0,0.0,4.0,29.0,3.8538632,0.0,0.0,0.0,0.0,2.313482,0.74508613,0.75,1
2.0,1.0,0.0,0.0,0.0,0.0,0.0,0.0,0.0,1.0,2.0,45.0,4.669485,0.0,0.0,0.0,0.0,58.688805,11.525235,0.5,0
2.0,1.0,1.0,0.0,0.0,0.0,0.0,0.0,0.0,0.0,2.0,25.5,4.015061,0.0,0.0,0.0,0.0,2.405576,0.3259575,0.0,1
1.0,1.0,0.0,0.0,0.0,0.0,0.0,0.0,0.0,0.0,1.0,19.0,3.5110855,0.0,0.0,0.0,0.0,66.39595,0.0,0.0,0
2.0,1.0,1.0,0.0,0.0,0.0,0.0,0.0,0.0,0.0,2.0,25.5,4.015061,0.0,0.0,0.0,0.0,4.8268523,0.64620525,0.0,1
1.0,0.0,0.0,0.0,0.0,0.0,1.0,0.0,0.0,0.0,1.0,46.0,4.778678,0.0,0.0,0.0,0.0,41.180367,0.0,0.0,0
5.0,0.0,0.0,1.0,1.0,1.0,0.0,0.0,1.0,0.0,5.0,29.0,3.8538632,0.0,0.0,0.0,0.0,2.8218527,0.7218045,0.8,1
4.0,1.0,0.0,1.0,0.0,1.0,0.0,0.0,0.0,0.0,4.0,29.0,3.8538632,0.0,0.0,0.0,0.0,2.5552459,0.8761182,0.5,1
2.0,1.0,1.0,0.0,0.0,0.0,0.0,0.0,0.0,0.0,2.0,25.5,4.015061,0.0,0.0,0.0,0.0,4.2280245,0.26561788,0.0,1
2.0,0.0,0.0,0.0,0.0,1.0,0.0,0.0,0.0,0.0,2.0,43.0,4.9019876,0.0,0.0,0.0,0.0,4.685866,0.5087646,0.0,1
1.0,0.0,0.0,0.0,0.0,0.0,1.0,0.0,0.0,0.0,1.0,46.0,4.778678,0.0,0.0,0.0,0.0,84.39694,0.0,0.0,0
2.0,0.0,0.0,0.0,0.0,1.0,0.0,0.0,0.0,0.0,2.0,43.0,4.9019876,0.0,0.0,0.0,0.0,3.4291918,0.5881386,0.0,1
2.0,1.0,1.0,0.0,0.0,0.0,0.0,0.0,0.0,0.0,2.0,25.5,4.015061,0.0,0.0,0.0,0.0,4.984206,0.13220103,0.0,1
2.0,0.0,0.0,0.0,0.0,1.0,0.0,0.0,0.0,0.0,2.0,43.0,4.9019876,0.0,0.0,0.0,0.0,5.7304225,1.9897177,0.0,1
2.0,1.0,1.0,0.0,0.0,0.0,0.0,0.0,0.0,0.0,2.0,25.5,4.015061,0.0,0.0,0.0,0.0,3.3032718,0.9959893,0.0,1
5.0,1.0,1.0,1.0,0.0,1.0,0.0,0.0,1.0,0.0,5.0,29.0,3.8538632,0.0,0.0,0.0,0.0,2.4197707,0.31758147,0.4,1
3.0,1.0,1.0,0.0,0.0,0.0,0.0,0.0,0.0,0.0,3.0,29.0,3.8538632,0.0,0.0,0.0,0.0,2.8767223,0.69869685,0.33333334,1
1.0,1.0,0.0,0.0,0.0,0.0,0.0,0.0,0.0,0.0,1.0,38.0,4.165838,0.0,0.0,0.0,0.0,94.74115,0.0,0.0,0
1.0,1.0,0.0,0.0,0.0,0.0,0.0,0.0,0.0,0.0,1.0,19.0,3.5110855,0.0,0.0,0.0,0.0,90.9818,0.0,0.0,0
2.0,1.0,0.0,0.0,0.0,0.0,0.0,0.0,0.0,1.0,2.0,45.0,4.669485,0.0,0.0,0.0,0.0,67.648544,9.781531,0.5,0
2.0,0.0,0.0,0.0,0.0,0.0,0.0,1.0,0.0,0.0,2.0,54.5,4.567343,0.0,0.0,0.0,1.0,9.970058,0.15342192,0.5,1
3.0,0.0,0.0,0.0,0.0,1.0,1.0,0.0,0.0,0.0,3.0,53.666668,4.749128,0.0,0.0,0.0,0.0,113.70565,30.121103,0.0,0
2.0,1.0,0.0,0.0,0.0,0.0,0.0,0.0,0.0,1.0,2.0,45.0,4.669485,0.0,0.0,0.0,0.0,52.146984,16.80841,0.5,0
2.0,0.0,0.0,0.0,0.0,1.0,0.0,0.0,0.0,0.0,2.0,43.0,4.9019876,0.0,0.0,0.0,0.0,5.8620152,0.031190485,0.0,1
1.0,1.0,0.0,0.0,0.0,0.0,0.0,0.0,0.0,0.0,1.0,39.0,4.16042,0.0,0.0,0.0,0.0,76.242676,0.0,0.0,0
4.0,1.0,0.0,0.0,0.0,1.0,0.0,0.0,1.0,0.0,4.0,29.0,3.8538632,0.0,0.0,0.0,0.0,2.8221653,0.55879295,0.5,1
4.0,0.0,0.0,1.0,0.0,0.0,0.0,0.0,1.0,1.0,4.0,33.0,4.2439427,0.0,1.0,0.0,0.0,2.9958003,0.6321852,1.0,1
3.0,1.0,1.0,1.0,0.0,0.0,0.0,0.0,0.0,0.0,3.0,29.0,3.8538632,0.0,0.0,0.0,0.0,2.5710626,0.9690708,0.33333334,1
2.0,1.0,0.0,0.0,0.0,0.0,0.0,0.0,1.0,0.0,2.0,42.5,4.509495,0.0,0.0,0.0,0.0,62.878567,11.500781,0.5,0
3.0,0.0,0.0,0.0,0.0,1.0,1.0,0.0,0.0,0.0,3.0,53.666668,4.749128,0.0,0.0,0.0,0.0,115.29466,24.631025,0.0,0
3.0,0.0,0.0,0.0,0.0,1.0,1.0,0.0,0.0,0.0,2.0,47.5,4.778678,0.0,0.0,0.0,0.0,95.06083,18.848137,0.0,0
2.0,0.0,0.0,0.0,0.0,1.0,0.0,0.0,0.0,0.0,2.0,43.0,4.9019876,0.0,0.0,0.0,0.0,5.6096487,0.9337869,0.0,1
2.0,0.0,0.0,0.0,0.0,1.0,1.0,0.0,0.0,0.0,2.0,48.5,4.778678,0.0,0.0,0.0,0.0,58.37322,4.4405727,0.0,0
3.0,0.0,0.0,0.0,0.0,1.0,1.0,0.0,0.0,0.0,3.0,53.666668,4.749128,0.0,0.0,0.0,0.0,90.59777,36.1652,0.0,0
1.0,1.0,0.0,0.0,0.0,0.0,0.0,0.0,0.0,0.0,1.0,38.0,4.165838,0.0,0.0,0.0,0.0,84.79361,0.0,0.0,0
5.0,1.0,0.0,1.0,0.0,1.0,0.0,0.0,1.0,0.0,5.0,29.0,3.8538632,0.0,0.0,0.0,0.0,2.4077642,0.5394115,0.6,1
2.0,1.0,1.0,0.0,0.0,0.0,0.0,0.0,0.0,0.0,2.0,25.5,4.015061,0.0,0.0,0.0,0.0,2.7249453,0.40931645,0.0,1
1.0,1.0,0.0,0.0,0.0,0.0,0.0,0.0,0.0,0.0,1.0,19.0,3.5110855,0.0,0.0,0.0,0.0,78.99574,0.0,0.0,0
4.0,0.0,0.0,1.0,1.0,1.0,0.0,0.0,1.0,0.0,4.0,29.0,3.8538632,0.0,0.0,0.0,0.0,2.855528,0.8865612,0.75,1
2.0,0.0,0.0,0.0,0.0,1.0,1.0,0.0,0.0,0.0,2.0,70.0,5.04289,0.0,0.0,0.0,0.0,39.569744,0.8320443,0.0,0
1.0,0.0,0.0,0.0,0.0,0.0,1.0,0.0,0.0,0.0,1.0,46.0,4.778678,0.0,0.0,0.0,0.0,94.365364,0.0,0.0,0
2.0,1.0,0.0,0.0,0.0,0.0,0.0,0.0,0.0,0.0,1.0,38.0,4.3988576,0.0,0.0,0.0,0.0,56.98095,17.946148,0.0,0
3.0,0.0,0.0,0.0,0.0,1.0,1.0,0.0,0.0,0.0,2.0,70.0,5.04289,0.0,0.0,0.0,0.0,83.82257,16.206217,0.0,0
2.0,1.0,1.0,0.0,0.0,0.0,0.0,0.0,0.0,0.0,2.0,25.5,4.015061,0.0,0.0,0.0,0.0,3.4467962,0.61422193,0.0,1
2.0,1.0,1.0,0.0,0.0,0.0,0.0,0.0,0.0,0.0,2.0,25.5,4.015061,0.0,0.0,0.0,0.0,3.8254108,0.2788471,0.0,1
2.0,0.0,0.0,0.0,0.0,1.0,0.0,0.0,0.0,0.0,2.0,43.0,4.9019876,0.0,0.0,0.0,0.0,4.993558,0.96393687,0.0,1
1.0,1.0,0.0,0.0,0.0,0.0,0.0,0.0,0.0,0.0,1.0,39.0,4.16042,0.0,0.0,0.0,0.0,46.0904,0.0,0.0,0
2.0,0.0,0.0,0.0,0.0,0.0,0.0,1.0,0.0,0.0,2.0,54.5,4.567343,0.0,0.0,0.0,1.0,4.711226,0.4517693,0.5,1
2.0,1.0,0.0,0.0,0.0,0.0,0.0,0.0,1.0,0.0,2.0,42.5,4.509495,0.0,0.0,0.0,0.0,54.2354,21.783833,0.5,0
4.0,0.0,0.0,1.0,0.0,0.0,0.0,0.0,1.0,1.0,4.0,31.0,4.2439427,0.0,1.0,0.0,0.0,2.2967684,0.43897334,1.0,1
3.0,0.0,0.0,0.0,0.0,1.0,1.0,0.0,0.0,0.0,3.0,53.666668,4.749128,0.0,0.0,0.0,0.0,81.99666,32.085148,0.0,0
2.0,1.0,0.0,0.0,0.0,0.0,0.0,0.0,1.0,0.0,2.0,42.5,4.509495,0.0,0.0,0.0,0.0,72.94486,1.9316258,0.5,0
1.0,0.0,0.0,0.0,0.0,0.0,1.0,0.0,0.0,0.0,1.0,89.0,5.04289,0.0,0.0,0.0,0.0,36.592205,0.0,0.0,0
2.0,1.0,0.0,0.0,0.0,0.0,0.0,0.0,0.0,0.0,1.0,38.0,4.3988576,0.0,0.0,0.0,0.0,45.59008,5.0978136,0.0,0
2.0,1.0,1.0,0.0,0.0,0.0,0.0,0.0,0.0,0.0,2.0,29.0,4.164498,1.0,0.0,0.0,0.0,4.557091,0.22668733,0.0,1
3.0,0.0,0.0,0.0,0.0,1.0,1.0,0.0,0.0,0.0,3.0,53.666668,4.749128,0.0,0.0,0.0,0.0,117.62469,8.359663,0.0,0
3.0,0.0,0.0,0.0,0.0,1.0,1.0,0.0,0.0,0.0,3.0,53.666668,4.749128,0.0,0.0,0.0,0.0,93.19323,13.525819,0.0,0
2.0,1.0,0.0,0.0,0.0,0.0,0.0,0.0,0.0,1.0,2.0,45.0,4.669485,0.0,0.0,0.0,0.0,57.767174,2.9473264,0.5,0
3.0,0.0,0.0,0.0,0.0,1.0,1.0,0.0,0.0,0.0,3.0,53.666668,4.749128,0.0,0.0,0.0,0.0,86.99997,19.943832,0.0,0
1.0,1.0,0.0,0.0,0.0,0.0,0.0,0.0,0.0,0.0,1.0,39.0,4.16042,0.0,0.0,0.0,0.0,42.092426,0.0,0.0,0
1.0,0.0,1.0,0.0,0.0,0.0,0.0,0.0,0.0,0.0,1.0,28.0,4.164498,1.0,0.0,0.0,0.0,5.0980396,0.0,0.0,1
3.0,0.0,0.0,0.0,0.0,1.0,1.0,0.0,0.0,0.0,3.0,53.666668,4.749128,0.0,0.0,0.0,0.0,84.04348,34.38163,0.0,0
3.0,0.0,1.0,0.0,1.0,0.0,0.0,0.0,1.0,0.0,3.0,29.0,3.8538632,0.0,0.0,0.0,0.0,2.6046576,0.59386486,0.6666667,1
2.0,1.0,1.0,0.0,0.0,0.0,0.0,0.0,0.0,0.0,2.0,29.0,4.164498,1.0,0.0,0.0,0.0,3.1409974,0.14122447,0.0,1
2.0,0.0,0.0,0.0,0.0,1.0,1.0,0.0,0.0,0.0,2.0,47.5,4.778678,0.0,0.0,0.0,0.0,108.41499,4.201587,0.0,0
2.0,1.0,1.0,0.0,0.0,0.0,0.0,0.0,0.0,0.0,2.0,25.5,4.015061,0.0,0.0,0.0,0.0,4.5250864,0.2653038,0.0,1
4.0,0.0,1.0,0.0,1.0,1.0,0.0,0.0,0.0,0.0,4.0,29.0,3.8538632,0.0,0.0,0.0,0.0,3.0817244,0.4947626,0.5,1
5.0,0.0,0.0,1.0,1.0,1.0,0.0,0.0,1.0,0.0,5.0,29.0,3.8538632,0.0,0.0,0.0,0.0,2.6123796,0.92579275,0.8,1
3.0,1.0,1.0,0.0,1.0,0.0,0.0,0.0,0.0,0.0,3.0,31.0,4.3578377,1.0,0.0,0.0,0.0,4.5598474,0.5268507,0.33333334,1
2.0,0.0,0.0,0.0,0.0,1.0,0.0,0.0,0.0,0.0,2.0,43.0,4.9019876,0.0,0.0,0.0,0.0,4.972769,1.8301231,0.0,1
3.0,0.0,0.0,0.0,0.0,0.0,0.0,1.0,0.0,0.0,3.0,53.333332,4.567343,0.0,0.0,0.0,1.0,6.5134726,1.621302,0.33333334,1
2.0,1.0,1.0,0.0,0.0,0.0,0.0,0.0,0.0,0.0,2.0,25.5,4.015061,0.0,0.0,0.0,0.0,3.9811509,0.92195034,0.0,1
1.0,1.0,0.0,0.0,0.0,0.0,0.0,0.0,0.0,0.0,1.0,39.0,4.16042,0.0,0.0,0.0,0.0,57.45294,0.0,0.0,0
4.0,0.0,0.0,1.0,0.0,0.0,0.0,0.0,1.0,1.0,4.0,31.5,4.2439427,0.0,1.0,0.0,0.0,2.3957362,0.7871434,1.0,1
2.0,1.0,1.0,0.0,0.0,0.0,0.0,0.0,0.0,0.0,2.0,25.5,4.015061,0.0,0.0,0.0,0.0,4.1981206,0.36542293,0.0,1
1.0,1.0,0.0,0.0,0.0,0.0,0.0,0.0,0.0,0.0,1.0,39.0,4.16042,0.0,0.0,0.0,0.0,84.32831,0.0,0.0,0
1.0,1.0,0.0,0.0,0.0,0.0,0.0,0.0,0.0,0.0,1.0,39.0,4.16042,0.0,0.0,0.0,0.0,78.474236,0.0,0.0,0
5.0,0.0,1.0,1.0,1.0,0.0,0.0,0.0,1.0,0.0,5.0,29.0,3.8538632,0.0,0.0,0.0,0.0,2.8273466,0.98291624,0.8,1
2.0,1.0,0.0,0.0,0.0,0.0,0.0,0.0,0.0,1.0,2.0,45.0,4.669485,0.0,0.0,0.0,0.0,52.24257,6.635423,0.5,0
2.0,1.0,0.0,0.0,0.0,0.0,0.0,0.0,0.0,1.0,2.0,45.0,4.669485,0.0,0.0,0.0,0.0,41.72988,2.1025975,0.5,0
2.0,1.0,1.0,0.0,0.0,0.0,0.0,0.0,0.0,0.0,2.0,25.5,4.015061,0.0,0.0,0.0,0.0,3.651612,0.6973222,0.0,1
2.0,1.0,1.0,0.0,0.0,0.0,0.0,0.0,0.0,0.0,2.0,29.0,4.164498,1.0,0.0,0.0,0.0,2.9895024,1.0288136,0.0,1
2.0,1.0,0.0,0.0,0.0,0.0,0.0,0.0,1.0,0.0,2.0,42.5,4.509495,0.0,0.0,0.0,0.0,51.147762,14.0699215,0.5,0
4.0,0.0,0.0,1.0,0.0,0.0,0.0,0.0,1.0,1.0,4.0,33.0,4.2439427,0.0,1.0,0.0,0.0,2.0115736,0.8348334,1.0,1
3.0,0.0,1.0,1.0,0.0,1.0,0.0,0.0,0.0,0.0,3.0,29.0,3.8538632,0.0,0.0,0.0,0.0,2.182714,0.7575918,0.33333334,1
3.0,0.0,0.0,0.0,0.0,1.0,1.0,0.0,0.0,0.0,3.0,53.666668,4.749128,0.0,0.0,0.0,0.0,104.02726,22.834183,0.0,0
1.0,0.0,0.0,0.0,0.0,0.0,1.0,0.0,0.0,0.0,1.0,89.0,5.04289,0.0,0.0,0.0,0.0,102.22085,0.0,0.0,0
3.0,0.0,0.0,0.0,0.0,1.0,1.0,0.0,0.0,0.0,3.0,53.666668,4.749128,0.0,0.0,0.0,0.0,78.57602,24.770418,0.0,0
3.0,0.0,0.0,0.0,0.0,1.0,1.0,0.0,0.0,0.0,3.0,53.666668,4.749128,0.0,0.0,0.0,0.0,88.27478,32.844063,0.0,0
2.0,1.0,0.0,0.0,0.0,0.0,0.0,0.0,1.0,0.0,2.0,42.5,4.509495,0.0,0.0,0.0,0.0,57.515438,18.347784,0.5,0
2.0,0.0,0.0,0.0,0.0,0.0,0.0,1.0,0.0,0.0,2.0,52.5,4.545289,0.0,0.0,0.0,1.0,6.211488,1.6885661,0.5,1
2.0,1.0,1.0,0.0,0.0,0.0,0.0,0.0,0.0,0.0,2.0,25.5,4.015061,0.0,0.0,0.0,0.0,3.1060758,0.50827026,0.0,1
1.0,1.0,0.0,0.0,0.0,0.0,0.0,0.0,0.0,0.0,1.0,19.0,3.5110855,0.0,0.0,0.0,0.0,41.175934,0.0,0.0,0
1.0,0.0,0.0,0.0,0.0,0.0,1.0,0.0,0.0,0.0,1.0,46.0,4.778678,0.0,0.0,0.0,0.0,75.61083,0.0,0.0,0
2.0,1.0,1.0,0.0,0.0,0.0,0.0,0.0,0.0,0.0,2.0,25.5,4.015061,0.0,0.0,0.0,0.0,2.843966,0.008952596,0.0,1
2.0,1.0,1.0,0.0,0.0,0.0,0.0,0.0,0.0,0.0,2.0,25.5,4.015061,0.0,0.0,0.0,0.0,3.2679286,0.07542903,0.0,1
3.0,0.0,0.0,0.0,0.0,1.0,1.0,0.0,0.0,0.0,3.0,53.666668,4.749128,0.0,0.0,0.0,0.0,113.5898,18.173777,0.0,0
1.0,1.0,0.0,0.0,0.0,0.0,0.0,0.0,0.0,0.0,1.0,39.0,4.16042,0.0,0.0,0.0,0.0,74.75674,0.0,0.0,0
5.0,1.0,1.0,1.0,0.0,1.0,0.0,0.0,1.0,0.0,5.0,29.0,3.8538632,0.0,0.0,0.0,0.0,2.5472655,1.0421907,0.4,1
2.0,0.0,0.0,0.0,0.0,1.0,0.0,0.0,0.0,0.0,2.0,43.0,4.9019876,0.0,0.0,0.0,0.0,5.6631994,1.0791891,0.0,1
3.0,1.0,0.0,1.0,0.0,0.0,0.0,0.0,1.0,0.0,3.0,29.0,3.8538632,0.0,0.0,0.0,0.0,3.4266503,0.36698264,0.6666667,1
5.0,0.0,0.0,1.0,1.0,0.0,0.0,0.0,0.0,1.0,3.0,30.666666,4.2439427,0.0,1.0,0.0,0.0,1.8869505,0.3837563,0.8,1
2.0,1.0,0.0,0.0,0.0,0.0,0.0,0.0,0.0,0.0,1.0,38.0,4.3988576,0.0,0.0,0.0,0.0,66.84764,2.8696933,0.0,0
3.0,0.0,0.0,0.0,0.0,1.0,1.0,0.0,0.0,0.0,3.0,53.666668,4.749128,0.0,0.0,0.0,0.0,136.18394,12.640364,0.0,0
3.0,0.0,0.0,0.0,0.0,1.0,1.0,0.0,0.0,0.0,3.0,53.666668,4.749128,0.0,0.0,0.0,0.0,104.62692,40.84432,0.0,0
2.0,0.0,0.0,0.0,0.0,1.0,1.0,0.0,0.0,0.0,2.0,70.0,5.04289,0.0,0.0,0.0,0.0,107.02905,0.21051037,0.0,0
5.0,1.0,1.0,0.0,1.0,1.0,0.0,0.0,1.0,0.0,5.0,29.0,3.8538632,0.0,0.0,0.0,0.0,2.3513618,0.48004618,0.4,1
2.0,0.0,0.0,0.0,0.0,0.0,0.0,1.0,0.0,0.0,2.0,52.5,4.545289,0.0,0.0,0.0,1.0,8.606894,3.372755,0.5,1
1.0,1.0,0.0,0.0,0.0,0.0,0.0,0.0,0.0,0.0,1.0,39.0,4.16042,0.0,0.0,0.0,0.0,39.30476,0.0,0.0,0
4.0,1.0,0.0,1.0,0.0,1.0,0.0,0.0,1.0,0.0,4.0,29.0,3.8538632,0.0,0.0,0.0,0.0,3.022673,0.9348384,0.5,1
3.0,0.0,0.0,0.0,0.0,1.0,1.0,0.0,0.0,0.0,3.0,53.666668,4.749128,0.0,0.0,0.0,0.0,95.06481,9.637006,0.0,0
3.0,0.0,0.0,0.0,0.0,1.0,1.0,0.0,0.0,0.0,3.0,53.666668,4.749128,0.0,0.0,0.0,0.0,82.00796,18.91971,0.0,0
1.0,1.0,0.0,0.0,0.0,0.0,0.0,0.0,0.0,0.0,1.0,19.0,3.5110855,0.0,0.0,0.0,0.0,65.10373,0.0,0.0,0
2.0,0.0,0.0,0.0,0.0,1.0,0.0,0.0,0.0,0.0,2.0,43.0,4.9019876,0.0,0.0,0.0,0.0,4.176989,1.4929488,0.0,1
2.0,1.0,1.0,0.0,0.0,0.0,0.0,0.0,0.0,0.0,2.0,25.5,4.015061,0.0,0.0,0.0,0.0,3.4315822,1.0355068,0.0,1
3.0,1.0,0.0,0.0,0.0,0.0,0.0,0.0,1.0,0.0,3.0,29.0,3.8538632,0.0,0.0,0.0,0.0,3.7461174,0.2895658,0.6666667,1
1.0,0.0,1.0,0.0,0.0,0.0,0.0,0.0,0.0,0.0,1.0,28.0,4.164498,1.0,0.0,0.0,0.0,1.8980086,0.0,0.0,1
5.0,0.0,0.0,1.0,1.0,1.0,0.0,0.0,1.0,0.0,5.0,29.0,3.8538632,0.0,0.0,0.0,0.0,2.2938278,0.70939755,0.8,1
4.0,0.0,0.0,0.0,1.0,1.0,0.0,0.0,1.0,0.0,4.0,29.0,3.8538632,0.0,0.0,0.0,0.0,2.3232,0.64101857,0.75,1
2.0,1.0,0.0,0.0,0.0,0.0,0.0,0.0,0.0,1.0,2.0,45.0,4.669485,0.0,0.0,0.0,0.0,60.186028,1.2789742,0.5,0
2.0,1.0,0.0,0.0,0.0,0.0,0.0,0.0,0.0,0.0,1.0,38.0,4.3988576,0.0,0.0,0.0,0.0,52.778316,8.437533,0.0,0
2.0,0.0,0.0,0.0,0.0,1.0,0.0,0.0,0.0,0.0,2.0,43.0,4.9019876,0.0,0.0,0.0,0.0,4.866719,1.9439765,0.0,1
2.0,0.0,0.0,0.0,0.0,1.0,0.0,0.0,0.0,0.0,2.0,43.0,4.9019876,0.0,0.0,0.0,0.0,5.6317835,1.5864377,0.0,1
1.0,0.0,1.0,0.0,0.0,0.0,0.0,0.0,0.0,0.0,1.0,28.0,4.164498,1.0,0.0,0.0,0.0,5.5955915,0.0,0.0,1
3.0,0.0,0.0,0.0,0.0,1.0,1.0,0.0,0.0,0.0,3.0,53.666668,4.749128,0.0,0.0,0.0,0.0,88.682106,27.846277,0.0,0
5.0,0.0,0.0,1.0,1.0,0.0,0.0,0.0,0.0,1.0,3.0,30.666666,4.2439427,0.0,1.0,0.0,0.0,1.6966224,0.8455182,0.8,1
2.0,1.0,1.0,0.0,0.0,0.0,0.0,0.0,0.0,0.0,2.0,25.5,4.015061,0.0,0.0,0.0,0.0,3.7645516,0.93173563,0.0,1
3.0,1.0,0.0,0.0,1.0,0.0,0.0,0.0,0.0,0.0,3.0,29.0,3.8538632,0.0,0.0,0.0,0.0,2.1382523,0.9684233,0.6666667,1
2.0,1.0,1.0,0.0,0.0,0.0,0.0,0.0,0.0,0.0,2.0,25.5,4.015061,0.0,0.0,0.0,0.0,3.225196,0.17041093,0.0,1
1.0,1.0,0.0,0.0,0.0,0.0,0.0,0.0,0.0,0.0,1.0,38.0,4.165838,0.0,0.0,0.0,0.0,76.0106,0.0,0.0,0
2.0,0.0,0.0,0.0,0.0,0.0,0.0,1.0,0.0,0.0,2.0,54.5,4.567343,0.0,0.0,0.0,1.0,7.860706,0.38283122,0.5,1
2.0,1.0,1.0,0.0,0.0,0.0,0.0,0.0,0.0,0.0,2.0,25.5,4.015061,0.0,0.0,0.0,0.0,3.2209623,0.116052076,0.0,1
2.0,0.0,0.0,0.0,0.0,1.0,1.0,0.0,0.0,0.0,2.0,48.5,4.778678,0.0,0.0,0.0,0.0,84.9712,1.9750669,0.0,0
2.0,0.0,0.0,0.0,0.0,0.0,0.0,1.0,0.0,0.0,2.0,52.5,4.545289,0.0,0.0,0.0,1.0,8.230641,2.1878898,0.5,1
3.0,0.0,0.0,0.0,0.0,1.0,1.0,0.0,0.0,0.0,3.0,53.666668,4.749128,0.0,0.0,0.0,0.0,122.740364,1.7606179,0.0,0
1.0,1.0,0.0,0.0,0.0,0.0,0.0,0.0,0.0,0.0,1.0,19.0,3.5110855,0.0,0.0,0.0,0.0,55.244396,0.0,0.0,0
1.0,1.0,0.0,0.0,0.0,0.0,0.0,0.0,0.0,0.0,1.0,38.0,4.165838,0.0,0.0,0.0,0.0,67.85675,0.0,0.0,0
2.0,0.0,0.0,0.0,0.0,1.0,1.0,0.0,0.0,0.0,2.0,70.0,5.04289,0.0,0.0,0.0,0.0,82.511284,7.611176,0.0,0
4.0,1.0,0.0,1.0,1.0,0.0,0.0,0.0,0.0,0.0,4.0,29.0,3.8538632,0.0,0.0,0.0,0.0,2.6232884,0.90985334,0.75,1
2.0,0.0,0.0,0.0,0.0,1.0,0.0,0.0,0.0,0.0,2.0,43.0,4.9019876,0.0,0.0,0.0,0.0,6.2019343,0.19247861,0.0,1
2.0,0.0,0.0,0.0,0.0,1.0,0.0,0.0,0.0,0.0,2.0,43.0,4.9019876,0.0,0.0,0.0,0.0,4.66233,1.4478403,0.0,1
1.0,1.0,0.0,0.0,0.0,0.0,0.0,0.0,0.0,0.0,1.0,39.0,4.16042,0.0,0.0,0.0,0.0,76.73922,0.0,0.0,0
2.0,1.0,1.0,0.0,0.0,0.0,0.0,0.0,0.0,0.0,2.0,25.5,4.015061,0.0,0.0,0.0,0.0,3.288336,1.0233364,0.0,1
2.0,0.0,0.0,0.0,0.0,0.0,0.0,1.0,0.0,0.0,2.0,52.5,4.545289,0.0,0.0,0.0,1.0,9.439202,0.09856916,0.5,1
2.0,1.0,0.0,0.0,0.0,0.0,0.0,0.0,0.0,1.0,2.0,45.0,4.669485,0.0,0.0,0.0,0.0,56.45047,12.586096,0.5,0
2.0,1.0,1.0,0.0,0.0,0.0,0.0,0.0,0.0,0.0,2.0,25.5,4.015061,0.0,0.0,0.0,0.0,2.6872485,0.47704315,0.0,1
2.0,1.0,0.0,0.0,0.0,0.0,0.0,0.0,0.0,1.0,2.0,45.0,4.669485,0.0,0.0,0.0,0.0,53.307415,1.2786739,0.5,0
3.0,0.0,0.0,0.0,0.0,1.0,1.0,0.0,0.0,0.0,3.0,53.666668,4.749128,0.0,0.0,0.0,0.0,69.860306,17.228733,0.0,0
1.0,1.0,0.0,0.0,0.0,0.0,0.0,0.0,0.0,0.0,1.0,19.0,3.5110855,0.0,0.0,0.0,0.0,73.60029,0.0,0.0,0
2.0,1.0,0.0,0.0,0.0,0.0,0.0,0.0,0.0,1.0,2.0,45.0,4.669485,0.0,0.0,0.0,0.0,32.631832,0.88878584,0.5,0
3.0,0.0,0.0,0.0,0.0,1.0,1.0,0.0,0.0,0.0,3.0,53.666668,4.749128,0.0,0.0,0.0,0.0,82.87549,29.687313,0.0,0
1.0,0.0,1.0,0.0,0.0,0.0,0.0,0.0,0.0,0.0,1.0,28.0,4.164498,1.0,0.0,0.0,0.0,2.698964,0.0,0.0,1
3.0,0.0,0.0,0.0,0.0,1.0,1.0,0.0,0.0,0.0,3.0,53.666668,4.749128,0.0,0.0,0.0,0.0,114.43092,20.649496,0.0,0
2.0,1.0,1.0,0.0,0.0,0.0,0.0,0.0,0.0,0.0,2.0,25.5,4.015061,0.0,0.0,0.0,0.0,3.9804404,0.5667457,0.0,1
3.0,0.0,0.0,0.0,0.0,1.0,1.0,0.0,0.0,0.0,2.0,69.0,5.04289,0.0,0.0,0.0,0.0,83.69464,16.068281,0.0,0
2.0,0.0,0.0,0.0,0.0,1.0,0.0,0.0,0.0,0.0,2.0,43.0,4.9019876,0.0,0.0,0.0,0.0,6.0583916,1.5843406,0.0,1
3.0,0.0,0.0,0.0,0.0,1.0,1.0,0.0,0.0,0.0,3.0,53.666668,4.749128,0.0,0.0,0.0,0.0,102.30711,42.75729,0.0,0
2.0,0.0,0.0,0.0,0.0,0.0,0.0,1.0,0.0,0.0,2.0,54.5,4.567343,0.0,0.0,0.0,1.0,10.406539,0.32291403,0.5,1
4.0,0.0,0.0,1.0,0.0,0.0,0.0,0.0,1.0,1.0,4.0,31.0,4.2439427,0.0,1.0,0.0,0.0,1.6845067,0.66217315,1.0,1
2.0,1.0,0.0,0.0,0.0,0.0,0.0,0.0,1.0,0.0,2.0,42.5,4.509495,0.0,0.0,0.0,0.0,47.941345,13.698219,0.5,0
1.0,1.0,0.0,0.0,0.0,0.0,0.0,0.0,0.0,0.0,1.0,39.0,4.16042,0.0,0.0,0.0,0.0,46.585564,0.0,0.0,0
1.0,1.0,0.0,0.0,0.0,0.0,0.0,0.0,0.0,0.0,1.0,38.0,4.165838,0.0,0.0,0.0,0.0,58.326054,0.0,0.0,0
2.0,1.0,0.0,0.0,0.0,0.0,0.0,0.0,1.0,0.0,2.0,42.5,4.509495,0.0,0.0,0.0,0.0,64.20476,7.507756,0.5,0
2.0,1.0,1.0,0.0,0.0,0.0,0.0,0.0,0.0,0.0,2.0,32.5,4.3578377,1.0,0.0,0.0,0.0,3.3986242,1.6463792,0.0,1
2.0,1.0,1.0,0.0,0.0,0.0,0.0,0.0,0.0,0.0,2.0,29.0,4.164498,1.0,0.0,0.0,0.0,4.0327954,0.47012863,0.0,1
1.0,1.0,0.0,0.0,0.0,0.0,0.0,0.0,0.0,0.0,1.0,19.0,3.5110855,0.0,0.0,0.0,0.0,69.76074,0.0,0.0,0
3.0,0.0,0.0,0.0,0.0,1.0,1.0,0.0,0.0,0.0,2.0,47.5,4.778678,0.0,0.0,0.0,0.0,89.69723,17.424492,0.0,0
5.0,1.0,1.0,1.0,0.0,0.0,0.0,0.0,1.0,0.0,5.0,29.0,3.8538632,0.0,0.0,0.0,0.0,2.4571402,1.0208749,0.6,1
1.0,0.0,0.0,0.0,0.0,0.0,1.0,0.0,0.0,0.0,1.0,89.0,5.04289,0.0,0.0,0.0,0.0,101.42309,0.0,0.0,0
5.0,1.0,1.0,1.0,1.0,1.0,0.0,0.0,0.0,0.0,5.0,29.0,3.8538632,0.0,0.0,0.0,0.0,2.9934075,0.55216557,0.4,1
3.0,0.0,0.0,1.0,0.0,0.0,0.0,0.0,1.0,0.0,3.0,30.666666,4.209867,0.0,1.0,0.0,0.0,2.3195283,0.28454712,1.0,1
2.0,0.0,0.0,0.0,0.0,1.0,1.0,0.0,0.0,0.0,2.0,47.5,4.778678,0.0,0.0,0.0,0.0,62.68137,36.196487,0.0,0
2.0,1.0,1.0,0.0,0.0,0.0,0.0,0.0,0.0,0.0,2.0,27.5,4.282484,1.0,0.0,0.0,0.0,5.173976,0.49364033,0.0,1
2.0,1.0,0.0,0.0,0.0,0.0,0.0,0.0,1.0,0.0,2.0,42.5,4.509495,0.0,0.0,0.0,0.0,67.14361,2.4684298,0.5,0
4.0,0.0,0.0,1.0,0.0,0.0,0.0,0.0,1.0,1.0,4.0,33.0,4.2439427,0.0,1.0,0.0,0.0,2.4962976,0.5296826,1.0,1
3.0,0.0,0.0,0.0,0.0,1.0,1.0,0.0,0.0,0.0,2.0,47.5,4.778678,0.0,0.0,0.0,0.0,73.3409,29.467268,0.0,0
2.0,1.0,1.0,0.0,0.0,0.0,0.0,0.0,0.0,0.0,2.0,25.5,4.015061,0.0,0.0,0.0,0.0,2.4203658,0.4043707,0.0,1
2.0,0.0,0.0,0.0,0.0,1.0,0.0,0.0,0.0,0.0,2.0,43.0,4.9019876,0.0,0.0,0.0,0.0,6.8882093,0.984144,0.0,1
1.0,1.0,0.0,0.0,0.0,0.0,0.0,0.0,0.0,0.0,1.0,38.0,4.165838,0.0,0.0,0.0,0.0,81.21988,0.0,0.0,0
2.0,1.0,0.0,0.0,0.0,0.0,0.0,0.0,0.0,1.0,2.0,45.0,4.669485,0.0,0.0,0.0,0.0,54.7583,15.07235,0.5,0
3.0,0.0,0.0,0.0,0.0,1.0,1.0,0.0,0.0,0.0,3.0,53.666668,4.749128,0.0,0.0,0.0,0.0,97.931404,34.335255,0.0,0
2.0,0.0,0.0,0.0,0.0,0.0,0.0,1.0,0.0,0.0,2.0,52.5,4.545289,0.0,0.0,0.0,1.0,5.843886,0.16716811,0.5,1
3.0,0.0,0.0,0.0,0.0,1.0,1.0,0.0,0.0,0.0,3.0,53.666668,4.749128,0.0,0.0,0.0,0.0,102.648506,41.759567,0.0,0
3.0,1.0,1.0,0.0,1.0,0.0,0.0,0.0,0.0,0.0,3.0,28.666666,4.182006,1.0,0.0,0.0,0.0,4.098821,1.502593,0.33333334,1
2.0,1.0,0.0,0.0,0.0,0.0,0.0,0.0,1.0,0.0,2.0,42.5,4.509495,0.0,0.0,0.0,0.0,51.8901,11.952529,0.5,0
3.0,1.0,1.0,0.0,1.0,0.0,0.0,0.0,0.0,0.0,3.0,27.666666,4.282484,1.0,0.0,0.0,0.0,4.0585475,1.5166812,0.33333334,1
4.0,0.0,0.0,1.0,0.0,0.0,0.0,0.0,1.0,1.0,4.0,31.5,4.2439427,0.0,1.0,0.0,0.0,1.6717367,0.54841083,1.0,1
1.0,1.0,0.0,0.0,0.0,0.0,0.0,0.0,0.0,0.0,1.0,38.0,4.165838,0.0,0.0,0.0,0.0,57.409103,0.0,0.0,0
5.0,0.0,0.0,1.0,1.0,0.0,0.0,0.0,0.0,1.0,3.0,28.666666,4.2439427,0.0,1.0,0.0,0.0,1.910694,0.97003025,0.8,1
2.0,1.0,1.0,0.0,0.0,0.0,0.0,0.0,0.0,0.0,2.0,25.5,4.015061,0.0,0.0,0.0,0.0,3.1021154,0.5029108,0.0,1
3.0,0.0,0.0,0.0,0.0,0.0,0.0,1.0,0.0,0.0,3.0,53.333332,4.567343,0.0,0.0,0.0,1.0,9.077637,2.75243,0.33333334,1
1.0,1.0,0.0,0.0,0.0,0.0,0.0,0.0,0.0,0.0,1.0,39.0,4.16042,0.0,0.0,0.0,0.0,59.701767,0.0,0.0,0
1.0,1.0,0.0,0.0,0.0,0.0,0.0,0.0,0.0,0.0,1.0,19.0,3.5110855,0.0,0.0,0.0,0.0,63.40934,0.0,0.0,0
1.0,0.0,1.0,0.0,0.0,0.0,0.0,0.0,0.0,0.0,1.0,28.0,4.164498,1.0,0.0,0.0,0.0,4.8128047,0.0,0.0,1
2.0,0.0,0.0,0.0,0.0,0.0,0.0,1.0,0.0,0.0,2.0,52.5,4.545289,0.0,0.0,0.0,1.0,9.885159,1.2494224,0.5,1
1.0,1.0,0.0,0.0,0.0,0.0,0.0,0.0,0.0,0.0,1.0,19.0,3.5110855,0.0,0.0,0.0,0.0,88.89511,0.0,0.0,0
2.0,1.0,1.0,0.0,0.0,0.0,0.0,0.0,0.0,0.0,2.0,32.5,4.3578377,1.0,0.0,0.0,0.0,4.2848086,0.5158349,0.0,1
2.0,1.0,1.0,0.0,0.0,0.0,0.0,0.0,0.0,0.0,2.0,25.5,4.015061,0.0,0.0,0.0,0.0,4.235252,0.5578093,0.0,1
3.0,0.0,0.0,0.0,0.0,1.0,1.0,0.0,0.0,0.0,3.0,53.666668,4.749128,0.0,0.0,0.0,0.0,88.82002,30.352468,0.0,0
3.0,0.0,0.0,0.0,0.0,1.0,1.0,0.0,0.0,0.0,3.0,53.666668,4.749128,0.0,0.0,0.0,0.0,90.54266,38.84504,0.0,0
2.0,0.0,0.0,0.0,0.0,1.0,1.0,0.0,0.0,0.0,2.0,48.5,4.778678,0.0,0.0,0.0,0.0,54.501568,14.1303005,0.0,0
1.0,0.0,0.0,0.0,0.0,0.0,1.0,0.0,0.0,0.0,1.0,89.0,5.04289,0.0,0.0,0.0,0.0,108.04891,0.0,0.0,0
3.0,0.0,0.0,0.0,0.0,0.0,0.0,1.0,0.0,0.0,3.0,53.333332,4.567343,0.0,0.0,0.0,1.0,9.221549,1.2982091,0.33333334,1
4.0,0.0,0.0,1.0,1.0,1.0,0.0,0.0,0.0,0.0,4.0,29.0,3.8538632,0.0,0.0,0.0,0.0,2.979005,0.20956089,0.75,1
3.0,0.0,0.0,1.0,1.0,0.0,0.0,0.0,0.0,0.0,3.0,29.0,3.8538632,0.0,0.0,0.0,0.0,2.788731,0.69071823,1.0,1
2.0,1.0,1.0,0.0,0.0,0.0,0.0,0.0,0.0,0.0,2.0,25.5,4.015061,0.0,0.0,0.0,0.0,3.7232676,0.44369954,0.0,1
5.0,0.0,0.0,1.0,1.0,0.0,0.0,0.0,0.0,1.0,3.0,28.0,4.2439427,0.0,1.0,0.0,0.0,2.156773,0.6371948,0.8,1
3.0,0.0,0.0,0.0,0.0,1.0,1.0,0.0,0.0,0.0,3.0,53.666668,4.749128,0.0,0.0,0.0,0.0,126.56225,6.5834455,0.0,0
1.0,1.0,0.0,0.0,0.0,0.0,0.0,0.0,0.0,0.0,1.0,38.0,4.165838,0.0,0.0,0.0,0.0,56.1627,0.0,0.0,0
4.0,0.0,1.0,1.0,1.0,0.0,0.0,0.0,1.0,0.0,4.0,29.0,3.8538632,0.0,0.0,0.0,0.0,2.110634,0.47392476,0.75,1
2.0,1.0,0.0,0.0,0.0,0.0,0.0,0.0,1.0,0.0,2.0,42.5,4.509495,0.0,0.0,0.0,0.0,65.52138,4.473815,0.5,0
2.0,0.0,0.0,0.0,0.0,1.0,1.0,0.0,0.0,0.0,2.0,70.0,5.04289,0.0,0.0,0.0,0.0,71.460526,38.844334,0.0,0
2.0,1.0,1.0,0.0,0.0,0.0,0.0,0.0,0.0,0.0,2.0,27.5,4.282484,1.0,0.0,0.0,0.0,3.689306,0.9475636,0.0,1
5.0,0.0,0.0,1.0,1.0,0.0,0.0,0.0,0.0,1.0,3.0,28.0,4.2439427,0.0,1.0,0.0,0.0,2.1647186,0.81446743,0.8,1
5.0,1.0,1.0,1.0,1.0,1.0,0.0,0.0,0.0,0.0,5.0,29.0,3.8538632,0.0,0.0,0.0,0.0,2.8647606,0.81044513,0.4,1
4.0,0.0,1.0,0.0,0.0,1.0,0.0,0.0,1.0,0.0,4.0,29.0,3.8538632,0.0,0.0,0.0,0.0,2.6725268,0.65233576,0.5,1
1.0,1.0,0.0,0.0,0.0,0.0,0.0,0.0,0.0,0.0,1.0,38.0,4.165838,0.0,0.0,0.0,0.0,57.31414,0.0,0.0,0
2.0,1.0,1.0,0.0,0.0,0.0,0.0,0.0,0.0,0.0,2.0,32.5,4.3578377,1.0,0.0,0.0,0.0,4.291341,1.5116216,0.0,1
1.0,1.0,0.0,0.0,0.0,0.0,0.0,0.0,0.0,0.0,1.0,19.0,3.5110855,0.0,0.0,0.0,0.0,67.119,0.0,0.0,0
5.0,0.0,0.0,1.0,1.0,0.0,0.0,0.0,0.0,1.0,3.0,28.0,4.2439427,0.0,1.0,0.0,0.0,2.4044013,1.0184543,0.8,1
3.0,0.0,0.0,0.0,0.0,1.0,1.0,0.0,0.0,0.0,3.0,53.666668,4.749128,0.0,0.0,0.0,0.0,76.93767,17.958872,0.0,0
2.0,0.0,0.0,0.0,0.0,0.0,0.0,1.0,0.0,0.0,2.0,52.5,4.545289,0.0,0.0,0.0,1.0,6.3854933,1.2019396,0.5,1
2.0,1.0,0.0,0.0,0.0,0.0,0.0,0.0,0.0,1.0,2.0,45.0,4.669485,0.0,0.0,0.0,0.0,63.12491,12.896791,0.5,0
3.0,0.0,0.0,1.0,0.0,0.0,0.0,0.0,1.0,0.0,3.0,28.666666,4.209867,0.0,1.0,0.0,0.0,2.305114,0.89761436,1.0,1
2.0,1.0,0.0,0.0,0.0,0.0,0.0,0.0,1.0,0.0,2.0,42.5,4.509495,0.0,0.0,0.0,0.0,76.63957,1.8407025,0.5,0
1.0,1.0,0.0,0.0,0.0,0.0,0.0,0.0,0.0,0.0,1.0,19.0,3.5110855,0.0,0.0,0.0,0.0,78.71262,0.0,0.0,0
2.0,1.0,0.0,0.0,0.0,0.0,0.0,0.0,0.0,0.0,1.0,38.0,4.3988576,0.0,0.0,0.0,0.0,44.78242,9.16664,0.0,0
5.0,0.0,1.0,1.0,1.0,1.0,0.0,0.0,1.0,0.0,5.0,29.0,3.8538632,0.0,0.0,0.0,0.0,2.2454062,0.91698176,0.6,1
1.0,1.0,0.0,0.0,0.0,0.0,0.0,0.0,0.0,0.0,1.0,38.0,4.165838,0.0,0.0,0.0,0.0,46.74294,0.0,0.0,0
2.0,1.0,1.0,0.0,0.0,0.0,0.0,0.0,0.0,0.0,2.0,25.5,4.015061,0.0,0.0,0.0,0.0,4.8607025,0.49098054,0.0,1
3.0,0.0,0.0,0.0,0.0,1.0,1.0,0.0,0.0,0.0,3.0,53.666668,4.749128,0.0,0.0,0.0,0.0,80.96714,18.924149,0.0,0
2.0,1.0,0.0,0.0,0.0,0.0,0.0,0.0,1.0,0.0,2.0,42.5,4.509495,0.0,0.0,0.0,0.0,55.04375,17.646454,0.5,0
2.0,0.0,0.0,0.0,0.0,0.0,0.0,1.0,0.0,0.0,2.0,54.5,4.567343,0.0,0.0,0.0,1.0,6.5440216,0.26681867,0.5,1
2.0,0.0,0.0,0.0,0.0,1.0,1.0,0.0,0.0,0.0,2.0,48.5,4.778678,0.0,0.0,0.0,0.0,76.88518,24.464945,0.0,0
3.0,0.0,0.0,0.0,0.0,1.0,1.0,0.0,0.0,0.0,3.0,53.666668,4.749128,0.0,0.0,0.0,0.0,112.53806,19.670301,0.0,0
1.0,1.0,0.0,0.0,0.0,0.0,0.0,0.0,0.0,0.0,1.0,39.0,4.16042,0.0,0.0,0.0,0.0,53.193867,0.0,0.0,0
2.0,1.0,0.0,0.0,0.0,0.0,0.0,0.0,0.0,1.0,2.0,45.0,4.669485,0.0,0.0,0.0,0.0,68.095795,8.561852,0.5,0
3.0,1.0,1.0,0.0,1.0,0.0,0.0,0.0,0.0,0.0,3.0,28.666666,4.182006,1.0,0.0,0.0,0.0,4.3271074,0.94684786,0.33333334,1
1.0,1.0,0.0,0.0,0.0,0.0,0.0,0.0,0.0,0.0,1.0,39.0,4.16042,0.0,0.0,0.0,0.0,46.160385,0.0,0.0,0
2.0,0.0,0.0,0.0,0.0,1.0,0.0,0.0,0.0,0.0,2.0,43.0,4.9019876,0.0,0.0,0.0,0.0,6.1118083,0.9135874,0.0,1
2.0,0.0,0.0,0.0,0.0,1.0,0.0,0.0,0.0,0.0,2.0,43.0,4.9019876,0.0,0.0,0.0,0.0,4.8737874,0.70225835,0.0,1
2.0,1.0,1.0,0.0,0.0,0.0,0.0,0.0,0.0,0.0,2.0,27.5,4.282484,1.0,0.0,0.0,0.0,4.242083,1.5600365,0.0,1
3.0,0.0,0.0,0.0,0.0,1.0,1.0,0.0,0.0,0.0,3.0,53.666668,4.749128,0.0,0.0,0.0,0.0,79.51858,24.956736,0.0,0
5.0,1.0,1.0,1.0,1.0,0.0,0.0,0.0,1.0,0.0,5.0,29.0,3.8538632,0.0,0.0,0.0,0.0,2.771958,0.9120957,0.6,1
3.0,0.0,0.0,0.0,0.0,1.0,1.0,0.0,0.0,0.0,3.0,53.666668,4.749128,0.0,0.0,0.0,0.0,119.41053,28.013262,0.0,0
1.0,0.0,0.0,0.0,0.0,0.0,1.0,0.0,0.0,0.0,1.0,89.0,5.04289,0.0,0.0,0.0,0.0,38.883026,0.0,0.0,0
3.0,1.0,0.0,1.0,1.0,0.0,0.0,0.0,0.0,0.0,3.0,29.0,3.8538632,0.0,0.0,0.0,0.0,2.604289,0.8204174,0.6666667,1
2.0,0.0,0.0,0.0,0.0,0.0,0.0,1.0,0.0,0.0,2.0,52.5,4.545289,0.0,0.0,0.0,1.0,9.863717,1.6268188,0.5,1
1.0,1.0,0.0,0.0,0.0,0.0,0.0,0.0,0.0,0.0,1.0,39.0,4.16042,0.0,0.0,0.0,0.0,70.92575,0.0,0.0,0
2.0,0.0,0.0,0.0,0.0,0.0,0.0,1.0,0.0,0.0,2.0,52.5,4.545289,0.0,0.0,0.0,1.0,10.047156,0.5674194,0.5,1
5.0,0.0,1.0,1.0,1.0,0.0,0.0,0.0,1.0,0.0,5.0,29.0,3.8538632,0.0,0.0,0.0,0.0,2.037577,0.53775346,0.8,1
2.0,0.0,0.0,0.0,0.0,1.0,1.0,0.0,0.0,0.0,2.0,69.0,5.04289,0.0,0.0,0.0,0.0,102.26731,1.7321738,0.0,0
1.0,0.0,0.0,0.0,0.0,0.0,1.0,0.0,0.0,0.0,1.0,89.0,5.04289,0.0,0.0,0.0,0.0,36.07374,0.0,0.0,0
3.0,1.0,1.0,0.0,1.0,0.0,0.0,0.0,0.0,0.0,3.0,31.0,4.3578377,1.0,0.0,0.0,0.0,3.736771,1.0224662,0.33333334,1
2.0,1.0,0.0,0.0,0.0,0.0,0.0,0.0,0.0,1.0,2.0,45.0,4.669485,0.0,0.0,0.0,0.0,48.466362,17.028383,0.5,0
1.0,1.0,0.0,0.0,0.0,0.0,0.0,0.0,0.0,0.0,1.0,39.0,4.16042,0.0,0.0,0.0,0.0,86.40891,0.0,0.0,0
3.0,0.0,0.0,1.0,0.0,0.0,0.0,0.0,1.0,0.0,3.0,30.666666,4.209867,0.0,1.0,0.0,0.0,2.2541802,0.8774605,1.0,1
2.0,0.0,0.0,0.0,0.0,1.0,1.0,0.0,0.0,0.0,2.0,47.5,4.778678,0.0,0.0,0.0,0.0,62.99292,33.95381,0.0,0
5.0,1.0,0.0,1.0,0.0,1.0,0.0,0.0,1.0,0.0,5.0,29.0,3.8538632,0.0,0.0,0.0,0.0,1.3452982,0.30407473,0.6,1
1.0,1.0,0.0,0.0,0.0,0.0,0.0,0.0,0.0,0.0,1.0,39.0,4.16042,0.0,0.0,0.0,0.0,75.23604,0.0,0.0,0
5.0,0.0,0.0,1.0,1.0,0.0,0.0,0.0,0.0,1.0,3.0,28.666666,4.2439427,0.0,1.0,0.0,0.0,2.250642,0.7492967,0.8,1
2.0,0.0,0.0,0.0,0.0,1.0,0.0,0.0,0.0,0.0,2.0,43.0,4.9019876,0.0,0.0,0.0,0.0,4.9417896,2.065936,0.0,1
1.0,1.0,0.0,0.0,0.0,0.0,0.0,0.0,0.0,0.0,1.0,19.0,3.5110855,0.0,0.0,0.0,0.0,46.49285,0.0,0.0,0
2.0,0.0,0.0,0.0,0.0,1.0,0.0,0.0,0.0,0.0,2.0,43.0,4.9019876,0.0,0.0,0.0,0.0,4.506615,1.9828062,0.0,1
3.0,0.0,0.0,0.0,0.0,1.0,1.0,0.0,0.0,0.0,3.0,53.666668,4.749128,0.0,0.0,0.0,0.0,91.16868,10.205288,0.0,0
1.0,1.0,0.0,0.0,0.0,0.0,0.0,0.0,0.0,0.0,1.0,38.0,4.165838,0.0,0.0,0.0,0.0,93.87807,0.0,0.0,0
2.0,0.0,0.0,0.0,0.0,1.0,0.0,0.0,0.0,0.0,2.0,43.0,4.9019876,0.0,0.0,0.0,0.0,3.436099,0.31544903,0.0,1
1.0,0.0,0.0,0.0,0.0,0.0,1.0,0.0,0.0,0.0,1.0,89.0,5.04289,0.0,0.0,0.0,0.0,72.10252,0.0,0.0,0
3.0,0.0,0.0,0.0,0.0,0.0,0.0,1.0,0.0,0.0,3.0,53.333332,4.567343,0.0,0.0,0.0,1.0,7.4615927,2.1181765,0.33333334,1
2.0,1.0,1.0,0.0,0.0,0.0,0.0,0.0,0.0,0.0,2.0,25.5,4.015061,0.0,0.0,0.0,0.0,3.5966938,0.50466955,0.0,1
3.0,0.0,0.0,0.0,0.0,1.0,1.0,0.0,0.0,0.0,3.0,53.666668,4.749128,0.0,0.0,0.0,0.0,99.33099,35.603302,0.0,0
3.0,1.0,1.0,0.0,1.0,0.0,0.0,0.0,0.0,0.0,3.0,28.666666,4.182006,1.0,0.0,0.0,0.0,3.0815792,1.2160833,0.33333334,1
3.0,0.0,0.0,0.0,0.0,1.0,1.0,0.0,0.0,0.0,3.0,53.666668,4.749128,0.0,0.0,0.0,0.0,83.32579,25.984554,0.0,0
2.0,1.0,1.0,0.0,0.0,0.0,0.0,0.0,0.0,0.0,2.0,25.5,4.015061,0.0,0.0,0.0,0.0,4.927064,0.49443403,0.0,1
1.0,1.0,0.0,0.0,0.0,0.0,0.0,0.0,0.0,0.0,1.0,39.0,4.16042,0.0,0.0,0.0,0.0,56.8226,0.0,0.0,0
5.0,0.0,0.0,1.0,1.0,0.0,0.0,0.0,0.0,1.0,3.0,28.666666,4.2439427,0.0,1.0,0.0,0.0,2.2461653,0.7594946,0.8,1
2.0,1.0,0.0,0.0,0.0,0.0,0.0,0.0,0.0,0.0,1.0,38.0,4.3988576,0.0,0.0,0.0,0.0,62.48306,14.678194,0.0,0
3.0,0.0,0.0,0.0,0.0,1.0,1.0,0.0,0.0,0.0,3.0,53.666668,4.749128,0.0,0.0,0.0,0.0,100.36477,37.840557,0.0,0
3.0,1.0,1.0,0.0,1.0,0.0,0.0,0.0,0.0,0.0,3.0,31.0,4.3578377,1.0,0.0,0.0,0.0,3.39038,0.9397643,0.33333334,1
2.0,1.0,1.0,0.0,0.0,0.0,0.0,0.0,0.0,0.0,2.0,32.5,4.3578377,1.0,0.0,0.0,0.0,5.212905,0.6614215,0.0,1
4.0,1.0,0.0,1.0,1.0,0.0,0.0,0.0,0.0,0.0,4.0,29.0,3.8538632,0.0,0.0,0.0,0.0,2.8250413,0.32567188,0.75,1
3.0,0.0,0.0,0.0,0.0,0.0,0.0,1.0,0.0,0.0,3.0,53.333332,4.567343,0.0,0.0,0.0,1.0,8.120352,0.15659265,0.33333334,1
2.0,0.0,0.0,0.0,0.0,1.0,1.0,0.0,0.0,0.0,2.0,70.0,5.04289,0.0,0.0,0.0,0.0,58.163982,3.2808573,0.0,0
2.0,1.0,1.0,0.0,0.0,0.0,0.0,0.0,0.0,0.0,2.0,25.5,4.015061,0.0,0.0,0.0,0.0,2.372488,0.24655409,0.0,1
2.0,1.0,0.0,0.0,0.0,0.0,0.0,0.0,0.0,0.0,1.0,38.0,4.3988576,0.0,0.0,0.0,0.0,44.870632,6.6634216,0.0,0
2.0,1.0,1.0,0.0,0.0,0.0,0.0,0.0,0.0,0.0,2.0,25.5,4.015061,0.0,0.0,0.0,0.0,3.0444646,0.66162765,0.0,1
3.0,0.0,0.0,0.0,0.0,1.0,1.0,0.0,0.0,0.0,3.0,53.666668,4.749128,0.0,0.0,0.0,0.0,107.354744,18.876608,0.0,0
2.0,1.0,1.0,0.0,0.0,0.0,0.0,0.0,0.0,0.0,2.0,25.5,4.015061,0.0,0.0,0.0,0.0,3.6954749,0.37318298,0.0,1
2.0,1.0,0.0,0.0,0.0,0.0,0.0,0.0,1.0,0.0,2.0,42.5,4.509495,0.0,0.0,0.0,0.0,46.297184,13.2259865,0.5,0
2.0,0.0,0.0,0.0,0.0,0.0,0.0,1.0,0.0,0.0,2.0,52.5,4.545289,0.0,0.0,0.0,1.0,9.574081,0.9023458,0.5,1
2.0,1.0,0.0,0.0,0.0,0.0,0.0,0.0,1.0,0.0,2.0,42.5,4.509495,0.0,0.0,0.0,0.0,41.06233,6.1948247,0.5,0
2.0,0.0,0.0,0.0,0.0,0.0,0.0,1.0,0.0,0.0,2.0,54.5,4.567343,0.0,0.0,0.0,1.0,7.6354156,1.6545043,0.5,1
3.0,0.0,0.0,0.0,0.0,1.0,1.0,0.0,0.0,0.0,2.0,47.5,4.778678,0.0,0.0,0.0,0.0,51.051132,17.876455,0.0,0
4.0,0.0,1.0,0.0,1.0,1.0,0.0,0.0,0.0,0.0,4.0,29.0,3.8538632,0.0,0.0,0.0,0.0,1.6216397,0.58087146,0.5,1
2.0,1.0,0.0,0.0,0.0,0.0,0.0,0.0,0.0,0.0,1.0,38.0,4.3988576,0.0,0.0,0.0,0.0,44.652107,9.765823,0.0,0
1.0,1.0,0.0,0.0,0.0,0.0,0.0,0.0,0.0,0.0,1.0,38.0,4.165838,0.0,0.0,0.0,0.0,64.80389,0.0,0.0,0
2.0,1.0,0.0,0.0,0.0,0.0,0.0,0.0,0.0,1.0,2.0,45.0,4.669485,0.0,0.0,0.0,0.0,54.454056,6.287339,0.5,0
2.0,1.0,1.0,0.0,0.0,0.0,0.0,0.0,0.0,0.0,2.0,25.5,4.015061,0.0,0.0,0.0,0.0,4.8167152,0.59266037,0.0,1
2.0,0.0,0.0,0.0,0.0,1.0,0.0,0.0,0.0,0.0,2.0,43.0,4.9019876,0.0,0.0,0.0,0.0,3.8178968,0.14045623,0.0,1
2.0,0.0,0.0,0.0,0.0,1.0,0.0,0.0,0.0,0.0,2.0,43.0,4.9019876,0.0,0.0,0.0,0.0,4.226762,0.48438877,0.0,1
3.0,0.0,0.0,0.0,0.0,1.0,1.0,0.0,0.0,0.0,2.0,47.5,4.778678,0.0,0.0,0.0,0.0,68.41047,12.408543,0.0,0
2.0,0.0,0.0,0.0,0.0,0.0,0.0,1.0,0.0,0.0,2.0,54.5,4.567343,0.0,0.0,0.0,1.0,7.813535,1.3987592,0.5,1
3.0,0.0,0.0,0.0,0.0,1.0,1.0,0.0,0.0,0.0,3.0,53.666668,4.749128,0.0,0.0,0.0,0.0,91.00787,16.184824,0.0,0
2.0,0.0,0.0,0.0,0.0,1.0,0.0,0.0,0.0,0.0,2.0,43.0,4.9019876,0.0,0.0,0.0,0.0,5.8458447,0.8530874,0.0,1
1.0,0.0,1.0,0.0,0.0,0.0,0.0,0.0,0.0,0.0,1.0,28.0,4.164498,1.0,0.0,0.0,0.0,3.8230085,0.0,0.0,1
2.0,1.0,1.0,0.0,0.0,0.0,0.0,0.0,0.0,0.0,2.0,25.5,4.015061,0.0,0.0,0.0,0.0,4.056372,1.3110374,0.0,1
3.0,0.0,0.0,0.0,0.0,1.0,1.0,0.0,0.0,0.0,3.0,53.666668,4.749128,0.0,0.0,0.0,0.0,102.87585,24.836481,0.0,0
3.0,0.0,0.0,0.0,0.0,1.0,1.0,0.0,0.0,0.0,3.0,53.666668,4.749128,0.0,0.0,0.0,0.0,103.1082,41.043762,0.0,0
2.0,1.0,1.0,0.0,0.0,0.0,0.0,0.0,0.0,0.0,2.0,25.5,4.015061,0.0,0.0,0.0,0.0,2.5218785,0.004775689,0.0,1
2.0,1.0,0.0,0.0,0.0,0.0,0.0,0.0,1.0,0.0,2.0,42.5,4.509495,0.0,0.0,0.0,0.0,61.761154,11.248142,0.5,0
1.0,1.0,0.0,0.0,0.0,0.0,0.0,0.0,0.0,0.0,1.0,38.0,4.165838,0.0,0.0,0.0,0.0,51.016087,0.0,0.0,0
3.0,0.0,0.0,1.0,0.0,0.0,0.0,0.0,1.0,0.0,3.0,28.0,4.209867,0.0,1.0,0.0,0.0,1.8085911,0.54107684,1.0,1
3.0,0.0,0.0,1.0,0.0,0.0,0.0,0.0,1.0,0.0,3.0,28.666666,4.209867,0.0,1.0,0.0,0.0,2.508825,0.68779874,1.0,1
1.0,1.0,0.0,0.0,0.0,0.0,0.0,0.0,0.0,0.0,1.0,39.0,4.16042,0.0,0.0,0.0,0.0,51.362717,0.0,0.0,0
3.0,0.0,0.0,0.0,0.0,0.0,0.0,1.0,0.0,0.0,3.0,53.333332,4.567343,0.0,0.0,0.0,1.0,7.2992864,2.116235,0.33333334,1
2.0,0.0,0.0,0.0,0.0,1.0,1.0,0.0,0.0,0.0,2.0,47.5,4.778678,0.0,0.0,0.0,0.0,94.76665,12.614672,0.0,0
3.0,0.0,0.0,0.0,0.0,1.0,1.0,0.0,0.0,0.0,3.0,53.666668,4.749128,0.0,0.0,0.0,0.0,129.98604,11.396727,0.0,0
3.0,1.0,0.0,1.0,0.0,0.0,0.0,0.0,0.0,0.0,3.0,29.0,3.8538632,0.0,0.0,0.0,0.0,3.1893735,0.50344133,0.6666667,1
2.0,1.0,0.0,0.0,0.0,0.0,0.0,0.0,1.0,0.0,2.0,42.5,4.509495,0.0,0.0,0.0,0.0,58.066044,16.1622,0.5,0
2.0,0.0,0.0,0.0,0.0,0.0,0.0,1.0,0.0,0.0,2.0,52.5,4.545289,0.0,0.0,0.0,1.0,10.278282,0.38039124,0.5,1
1.0,1.0,0.0,0.0,0.0,0.0,0.0,0.0,0.0,0.0,1.0,38.0,4.165838,0.0,0.0,0.0,0.0,48.0805,0.0,0.0,0
3.0,0.0,0.0,1.0,0.0,0.0,0.0,0.0,1.0,0.0,3.0,28.666666,4.209867,0.0,1.0,0.0,0.0,1.9944808,0.89187294,1.0,1
1.0,0.0,0.0,0.0,0.0,0.0,1.0,0.0,0.0,0.0,1.0,46.0,4.778678,0.0,0.0,0.0,0.0,89.86015,0.0,0.0,0
1.0,1.0,0.0,0.0,0.0,0.0,0.0,0.0,0.0,0.0,1.0,38.0,4.165838,0.0,0.0,0.0,0.0,63.513306,0.0,0.0,0
2.0,0.0,0.0,0.0,0.0,0.0,0.0,1.0,0.0,0.0,2.0,54.5,4.567343,0.0,0.0,0.0,1.0,10.202508,1.0393274,0.5,1
5.0,1.0,1.0,1.0,1.0,1.0,0.0,0.0,0.0,0.0,5.0,29.0,3.8538632,0.0,0.0,0.0,0.0,2.987597,0.49770918,0.4,1
1.0,1.0,0.0,0.0,0.0,0.0,0.0,0.0,0.0,0.0,1.0,38.0,4.165838,0.0,0.0,0.0,0.0,58.30826,0.0,0.0,0
3.0,0.0,0.0,0.0,0.0,1.0,1.0,0.0,0.0,0.0,3.0,53.666668,4.749128,0.0,0.0,0.0,0.0,118.69848,32.247494,0.0,0
1.0,1.0,0.0,0.0,0.0,0.0,0.0,0.0,0.0,0.0,1.0,38.0,4.165838,0.0,0.0,0.0,0.0,47.623188,0.0,0.0,0
3.0,0.0,0.0,0.0,0.0,1.0,1.0,0.0,0.0,0.0,3.0,53.666668,4.749128,0.0,0.0,0.0,0.0,123.51057,11.157639,0.0,0
3.0,1.0,1.0,0.0,1.0,0.0,0.0,0.0,0.0,0.0,3.0,27.666666,4.282484,1.0,0.0,0.0,0.0,4.8521767,0.8975942,0.33333334,1
3.0,0.0,0.0,0.0,0.0,0.0,0.0,1.0,0.0,0.0,3.0,53.333332,4.567343,0.0,0.0,0.0,1.0,7.8434873,2.692185,0.33333334,1
3.0,0.0,0.0,0.0,0.0,0.0,0.0,1.0,0.0,0.0,3.0,53.333332,4.567343,0.0,0.0,0.0,1.0,7.2439184,2.1666536,0.33333334,1
2.0,1.0,0.0,0.0,0.0,0.0,0.0,0.0,1.0,0.0,2.0,42.5,4.509495,0.0,0.0,0.0,0.0,66.42964,1.6691337,0.5,0
1.0,1.0,0.0,0.0,0.0,0.0,0.0,0.0,0.0,0.0,1.0,19.0,3.5110855,0.0,0.0,0.0,0.0,61.604298,0.0,0.0,0
1.0,0.0,0.0,0.0,0.0,0.0,1.0,0.0,0.0,0.0,1.0,46.0,4.778678,0.0,0.0,0.0,0.0,54.80357,0.0,0.0,0
4.0,0.0,0.0,1.0,0.0,0.0,0.0,0.0,1.0,1.0,4.0,31.0,4.2439427,0.0,1.0,0.0,0.0,2.3258002,0.6875085,1.0,1
3.0,0.0,0.0,0.0,0.0,1.0,1.0,0.0,0.0,0.0,3.0,53.666668,4.749128,0.0,0.0,0.0,0.0,98.31492,21.630205,0.0,0
2.0,1.0,0.0,0.0,0.0,0.0,0.0,0.0,0.0,1.0,2.0,45.0,4.669485,0.0,0.0,0.0,0.0,67.85589,3.4825435,0.5,0
1.0,1.0,0.0,0.0,0.0,0.0,0.0,0.0,0.0,0.0,1.0,39.0,4.16042,0.0,0.0,0.0,0.0,59.869785,0.0,0.0,0
2.0,1.0,1.0,0.0,0.0,0.0,0.0,0.0,0.0,0.0,2.0,25.5,4.015061,0.0,0.0,0.0,0.0,5.2009225,0.105727516,0.0,1
1.0,0.0,1.0,0.0,0.0,0.0,0.0,0.0,0.0,0.0,1.0,28.0,4.164498,1.0,0.0,0.0,0.0,4.254014,0.0,0.0,1
3.0,1.0,1.0,0.0,1.0,0.0,0.0,0.0,0.0,0.0,3.0,27.666666,4.282484,1.0,0.0,0.0,0.0,3.2450955,1.5270422,0.33333334,1
2.0,1.0,0.0,0.0,0.0,0.0,0.0,0.0,0.0,1.0,2.0,45.0,4.669485,0.0,0.0,0.0,0.0,41.424534,6.9714723,0.5,0
2.0,0.0,0.0,0.0,0.0,1.0,1.0,0.0,0.0,0.0,2.0,48.5,4.778678,0.0,0.0,0.0,0.0,87.76681,15.82265,0.0,0
4.0,0.0,0.0,1.0,0.0,0.0,0.0,0.0,1.0,1.0,4.0,31.5,4.2439427,0.0,1.0,0.0,0.0,1.9938504,0.7336657,1.0,1
2.0,1.0,0.0,0.0,0.0,0.0,0.0,0.0,0.0,0.0,1.0,38.0,4.3988576,0.0,0.0,0.0,0.0,57.387993,6.4714413,0.0,0
4.0,0.0,0.0,1.0,0.0,0.0,0.0,0.0,1.0,1.0,4.0,31.5,4.2439427,0.0,1.0,0.0,0.0,2.0898633,0.81048214,1.0,1
3.0,0.0,0.0,0.0,0.0,1.0,1.0,0.0,0.0,0.0,3.0,53.666668,4.749128,0.0,0.0,0.0,0.0,92.289,35.287483,0.0,0
3.0,0.0,0.0,0.0,0.0,1.0,1.0,0.0,0.0,0.0,3.0,53.666668,4.749128,0.0,0.0,0.0,0.0,117.31686,1.2658278,0.0,0
2.0,1.0,0.0,0.0,0.0,0.0,0.0,0.0,0.0,1.0,2.0,45.0,4.669485,0.0,0.0,0.0,0.0,33.850792,0.9131777,0.5,0
3.0,0.0,0.0,1.0,0.0,0.0,0.0,0.0,1.0,0.0,3.0,28.666666,4.209867,0.0,1.0,0.0,0.0,3.412944,0.063298225,1.0,1
2.0,0.0,0.0,0.0,0.0,1.0,1.0,0.0,0.0,0.0,2.0,48.5,4.778678,0.0,0.0,0.0,0.0,58.1172,4.378999,0.0,0
2.0,0.0,0.0,0.0,0.0,1.0,0.0,0.0,0.0,0.0,2.0,43.0,4.9019876,0.0,0.0,0.0,0.0,3.1063673,0.38017988,0.0,1
2.0,1.0,1.0,0.0,0.0,0.0,0.0,0.0,0.0,0.0,2.0,25.5,4.015061,0.0,0.0,0.0,0.0,5.1643915,0.091752835,0.0,1
3.0,0.0,0.0,0.0,0.0,0.0,0.0,1.0,0.0,0.0,3.0,53.333332,4.567343,0.0,0.0,0.0,1.0,6.104164,1.5148551,0.33333334,1
3.0,0.0,0.0,1.0,0.0,0.0,0.0,0.0,1.0,0.0,3.0,28.666666,4.209867,0.0,1.0,0.0,0.0,2.5612874,0.732166,1.0,1
2.0,1.0,0.0,0.0,0.0,0.0,0.0,0.0,0.0,0.0,1.0,38.0,4.3988576,0.0,0.0,0.0,0.0,60.14205,14.491537,0.0,0
2.0,1.0,1.0,0.0,0.0,0.0,0.0,0.0,0.0,0.0,2.0,25.5,4.015061,0.0,0.0,0.0,0.0,3.6011453,1.0717187,0.0,1
3.0,0.0,0.0,0.0,0.0,1.0,1.0,0.0,0.0,0.0,3.0,53.666668,4.749128,0.0,0.0,0.0,0.0,55.82913,7.9408436,0.0,0
2.0,0.0,0.0,0.0,0.0,0.0,0.0,1.0,0.0,0.0,2.0,54.5,4.567343,0.0,0.0,0.0,1.0,8.569571,1.078132,0.5,1
3.0,0.0,0.0,0.0,0.0,1.0,1.0,0.0,0.0,0.0,3.0,53.666668,4.749128,0.0,0.0,0.0,0.0,80.565834,30.023895,0.0,0
2.0,1.0,1.0,0.0,0.0,0.0,0.0,0.0,0.0,0.0,2.0,25.5,4.015061,0.0,0.0,0.0,0.0,3.456446,1.0627279,0.0,1
2.0,0.0,0.0,0.0,0.0,0.0,0.0,1.0,0.0,0.0,2.0,54.5,4.567343,0.0,0.0,0.0,1.0,5.9514008,0.32153094,0.5,1
2.0,1.0,0.0,0.0,0.0,0.0,0.0,0.0,0.0,0.0,1.0,38.0,4.3988576,0.0,0.0,0.0,0.0,66.9143,7.630428,0.0,0
3.0,0.0,0.0,0.0,0.0,1.0,1.0,0.0,0.0,0.0,2.0,47.5,4.778678,0.0,0.0,0.0,0.0,77.71491,26.42679,0.0,0
2.0,0.0,0.0,0.0,0.0,0.0,0.0,1.0,0.0,0.0,2.0,54.5,4.567343,0.0,0.0,0.0,1.0,9.062463,2.7882128,0.5,1
3.0,0.0,0.0,0.0,0.0,0.0,0.0,1.0,0.0,0.0,3.0,53.333332,4.567343,0.0,0.0,0.0,1.0,7.623351,2.786015,0.33333334,1
2.0,1.0,1.0,0.0,0.0,0.0,0.0,0.0,0.0,0.0,2.0,25.5,4.015061,0.0,0.0,0.0,0.0,4.6079173,0.29952982,0.0,1
3.0,0.0,0.0,0.0,0.0,0.0,0.0,1.0,0.0,0.0,3.0,53.333332,4.567343,0.0,0.0,0.0,1.0,6.7500806,2.007474,0.33333334,1
3.0,0.0,0.0,0.0,0.0,1.0,1.0,0.0,0.0,0.0,3.0,53.666668,4.749128,0.0,0.0,0.0,0.0,105.66194,21.157879,0.0,0
1.0,1.0,0.0,0.0,0.0,0.0,0.0,0.0,0.0,0.0,1.0,39.0,4.16042,0.0,0.0,0.0,0.0,86.79673,0.0,0.0,0
2.0,1.0,0.0,0.0,0.0,0.0,0.0,0.0,1.0,0.0,2.0,42.5,4.509495,0.0,0.0,0.0,0.0,68.548676,1.3586744,0.5,0
3.0,0.0,0.0,0.0,0.0,1.0,1.0,0.0,0.0,0.0,3.0,53.666668,4.749128,0.0,0.0,0.0,0.0,61.552486,8.069609,0.0,0
3.0,0.0,0.0,0.0,0.0,1.0,1.0,0.0,0.0,0.0,3.0,53.666668,4.749128,0.0,0.0,0.0,0.0,80.49741,37.80631,0.0,0
2.0,1.0,0.0,0.0,0.0,0.0,0.0,0.0,0.0,0.0,1.0,38.0,4.3988576,0.0,0.0,0.0,0.0,65.16557,2.4623568,0.0,0
2.0,1.0,1.0,0.0,0.0,0.0,0.0,0.0,0.0,0.0,2.0,25.5,4.015061,0.0,0.0,0.0,0.0,4.689732,0.11411949,0.0,1
1.0,1.0,0.0,0.0,0.0,0.0,0.0,0.0,0.0,0.0,1.0,38.0,4.165838,0.0,0.0,0.0,0.0,74.93122,0.0,0.0,0
1.0,1.0,0.0,0.0,0.0,0.0,0.0,0.0,0.0,0.0,1.0,38.0,4.165838,0.0,0.0,0.0,0.0,61.726543,0.0,0.0,0
3.0,0.0,0.0,0.0,0.0,0.0,0.0,1.0,0.0,0.0,3.0,53.333332,4.567343,0.0,0.0,0.0,1.0,6.968265,1.6913222,0.33333334,1
3.0,0.0,0.0,1.0,0.0,0.0,0.0,0.0,1.0,0.0,3.0,28.0,4.209867,0.0,1.0,0.0,0.0,1.52738,0.44689214,1.0,1
5.0,0.0,0.0,1.0,1.0,0.0,0.0,0.0,0.0,1.0,3.0,28.0,4.2439427,0.0,1.0,0.0,0.0,2.3674998,0.75808877,0.8,1
3.0,1.0,1.0,0.0,1.0,0.0,0.0,0.0,0.0,0.0,3.0,31.0,4.3578377,1.0,0.0,0.0,0.0,3.2689497,1.622636,0.33333334,1
3.0,0.0,0.0,0.0,0.0,1.0,1.0,0.0,0.0,0.0,3.0,53.666668,4.749128,0.0,0.0,0.0,0.0,55.390556,12.169253,0.0,0
1.0,0.0,1.0,0.0,0.0,0.0,0.0,0.0,0.0,0.0,1.0,28.0,4.164498,1.0,0.0,0.0,0.0,3.3585873,0.0,0.0,1
5.0,0.0,1.0,0.0,1.0,1.0,0.0,0.0,1.0,0.0,5.0,29.0,3.8538632,0.0,0.0,0.0,0.0,1.9241681,0.69527066,0.6,1
2.0,1.0,1.0,0.0,0.0,0.0,0.0,0.0,0.0,0.0,2.0,25.5,4.015061,0.0,0.0,0.0,0.0,2.807643,0.64923745,0.0,1
2.0,1.0,0.0,0.0,0.0,0.0,0.0,0.0,0.0,0.0,1.0,38.0,4.3988576,0.0,0.0,0.0,0.0,67.036224,0.8314895,0.0,0
2.0,0.0,0.0,0.0,0.0,0.0,0.0,1.0,0.0,0.0,2.0,52.5,4.545289,0.0,0.0,0.0,1.0,11.352258,0.38149923,0.5,1
4.0,0.0,0.0,1.0,0.0,0.0,0.0,0.0,1.0,1.0,4.0,31.0,4.2439427,0.0,1.0,0.0,0.0,2.3853803,0.73259705,1.0,1
2.0,1.0,1.0,0.0,0.0,0.0,0.0,0.0,0.0,0.0,2.0,25.5,4.015061,0.0,0.0,0.0,0.0,2.5047238,0.09634991,0.0,1
4.0,0.0,1.0,0.0,0.0,1.0,0.0,0.0,1.0,0.0,4.0,29.0,3.8538632,0.0,0.0,0.0,0.0,2.8175046,0.5654764,0.5,1
3.0,0.0,0.0,0.0,0.0,1.0,1.0,0.0,0.0,0.0,3.0,53.666668,4.749128,0.0,0.0,0.0,0.0,77.67096,36.012142,0.0,0
1.0,0.0,1.0,0.0,0.0,0.0,0.0,0.0,0.0,0.0,1.0,28.0,4.164498,1.0,0.0,0.0,0.0,5.3655543,0.0,0.0,1
3.0,1.0,0.0,0.0,0.0,1.0,0.0,0.0,1.0,0.0,3.0,29.0,3.8538632,0.0,0.0,0.0,0.0,3.2388616,0.44104913,0.33333334,1
2.0,1.0,1.0,0.0,0.0,0.0,0.0,0.0,0.0,0.0,2.0,25.5,4.015061,0.0,0.0,0.0,0.0,2.9975786,0.47899875,0.0,1
5.0,0.0,0.0,1.0,1.0,0.0,0.0,0.0,0.0,1.0,3.0,28.0,4.2439427,0.0,1.0,0.0,0.0,1.6867267,0.4762449,0.8,1
2.0,1.0,1.0,0.0,0.0,0.0,0.0,0.0,0.0,0.0,2.0,25.5,4.015061,0.0,0.0,0.0,0.0,2.1028938,0.075333826,0.0,1
3.0,0.0,0.0,0.0,0.0,1.0,1.0,0.0,0.0,0.0,3.0,53.666668,4.749128,0.0,0.0,0.0,0.0,134.05666,10.897453,0.0,0
2.0,1.0,0.0,0.0,0.0,0.0,0.0,0.0,0.0,1.0,2.0,45.0,4.669485,0.0,0.0,0.0,0.0,54.339935,0.03488881,0.5,0
3.0,0.0,0.0,0.0,0.0,1.0,1.0,0.0,0.0,0.0,3.0,53.666668,4.749128,0.0,0.0,0.0,0.0,51.426437,10.132743,0.0,0
1.0,0.0,0.0,0.0,0.0,0.0,1.0,0.0,0.0,0.0,1.0,46.0,4.778678,0.0,0.0,0.0,0.0,36.10937,0.0,0.0,0
2.0,1.0,0.0,0.0,0.0,0.0,0.0,0.0,1.0,0.0,2.0,42.5,4.509495,0.0,0.0,0.0,0.0,47.958035,16.917688,0.5,0
3.0,0.0,0.0,1.0,0.0,0.0,0.0,0.0,1.0,0.0,3.0,28.666666,4.209867,0.0,1.0,0.0,0.0,2.180065,0.16497767,1.0,1
3.0,0.0,0.0,0.0,0.0,1.0,1.0,0.0,0.0,0.0,3.0,53.666668,4.749128,0.0,0.0,0.0,0.0,81.651054,26.886942,0.0,0
2.0,1.0,0.0,0.0,0.0,0.0,0.0,0.0,1.0,0.0,2.0,42.5,4.509495,0.0,0.0,0.0,0.0,71.107155,1.1194056,0.5,0
2.0,1.0,0.0,0.0,0.0,0.0,0.0,0.0,0.0,0.0,1.0,38.0,4.3988576,0.0,0.0,0.0,0.0,65.40777,2.0549462,0.0,0
4.0,0.0,0.0,1.0,0.0,0.0,0.0,0.0,1.0,1.0,4.0,31.0,4.2439427,0.0,1.0,0.0,0.0,2.6376524,0.52640843,1.0,1
2.0,0.0,0.0,0.0,0.0,1.0,0.0,0.0,0.0,0.0,2.0,43.0,4.9019876,0.0,0.0,0.0,0.0,2.6792448,0.079526536,0.0,1
2.0,1.0,0.0,0.0,0.0,0.0,0.0,0.0,0.0,0.0,1.0,38.0,4.3988576,0.0,0.0,0.0,0.0,54.663853,16.73358,0.0,0
2.0,0.0,0.0,0.0,0.0,1.0,1.0,0.0,0.0,0.0,2.0,48.5,4.778678,0.0,0.0,0.0,0.0,41.181328,5.3542457,0.0,0
3.0,0.0,0.0,0.0,0.0,1.0,1.0,0.0,0.0,0.0,3.0,53.666668,4.749128,0.0,0.0,0.0,0.0,74.957535,4.7127056,0.0,0
2.0,0.0,0.0,0.0,0.0,1.0,0.0,0.0,0.0,0.0,2.0,43.0,4.9019876,0.0,0.0,0.0,0.0,3.6513414,0.31986037,0.0,1
3.0,0.0,0.0,0.0,0.0,1.0,1.0,0.0,0.0,0.0,2.0,47.5,4.778678,0.0,0.0,0.0,0.0,104.71761,8.46474,0.0,0
3.0,0.0,0.0,0.0,0.0,1.0,1.0,0.0,0.0,0.0,2.0,69.0,5.04289,0.0,0.0,0.0,0.0,40.53224,3.39523,0.0,0
4.0,0.0,1.0,0.0,0.0,1.0,0.0,0.0,1.0,0.0,4.0,29.0,3.8538632,0.0,0.0,0.0,0.0,2.3601599,0.7573816,0.5,1
3.0,0.0,0.0,1.0,0.0,0.0,0.0,0.0,1.0,0.0,3.0,28.666666,4.209867,0.0,1.0,0.0,0.0,2.2495582,1.014994,1.0,1
3.0,0.0,0.0,0.0,0.0,0.0,0.0,1.0,0.0,0.0,3.0,53.333332,4.567343,0.0,0.0,0.0,1.0,7.073272,1.898047,0.33333334,1
5.0,1.0,1.0,1.0,0.0,1.0,0.0,0.0,0.0,0.0,5.0,29.0,3.8538632,0.0,0.0,0.0,0.0,3.000846,0.9805106,0.4,1
2.0,1.0,0.0,0.0,0.0,0.0,0.0,0.0,0.0,1.0,2.0,45.0,4.669485,0.0,0.0,0.0,0.0,60.318264,8.189329,0.5,0
2.0,0.0,0.0,0.0,0.0,1.0,1.0,0.0,0.0,0.0,2.0,48.5,4.778678,0.0,0.0,0.0,0.0,80.76611,17.609283,0.0,0
2.0,1.0,1.0,0.0,0.0,0.0,0.0,0.0,0.0,0.0,2.0,25.5,4.015061,0.0,0.0,0.0,0.0,4.483895,0.17327838,0.0,1
3.0,0.0,0.0,0.0,0.0,1.0,1.0,0.0,0.0,0.0,2.0,48.5,4.778678,0.0,0.0,0.0,0.0,76.82199,10.829227,0.0,0
4.0,1.0,1.0,1.0,1.0,0.0,0.0,0.0,0.0,0.0,4.0,29.0,3.8538632,0.0,0.0,0.0,0.0,2.422032,0.5392323,0.5,1
3.0,0.0,0.0,0.0,0.0,1.0,1.0,0.0,0.0,0.0,3.0,53.666668,4.749128,0.0,0.0,0.0,0.0,126.77933,8.560606,0.0,0
3.0,0.0,0.0,1.0,0.0,0.0,0.0,0.0,1.0,0.0,3.0,30.666666,4.209867,0.0,1.0,0.0,0.0,1.7869056,0.76081336,1.0,1
1.0,1.0,0.0,0.0,0.0,0.0,0.0,0.0,0.0,0.0,1.0,19.0,3.5110855,0.0,0.0,0.0,0.0,94.51544,0.0,0.0,0
1.0,0.0,1.0,0.0,0.0,0.0,0.0,0.0,0.0,0.0,1.0,28.0,4.164498,1.0,0.0,0.0,0.0,2.9051359,0.0,0.0,1
3.0,0.0,1.0,1.0,0.0,0.0,0.0,0.0,0.0,0.0,3.0,29.0,3.8538632,0.0,0.0,0.0,0.0,2.6080012,0.6634827,0.6666667,1
3.0,0.0,0.0,0.0,0.0,1.0,1.0,0.0,0.0,0.0,2.0,47.5,4.778678,0.0,0.0,0.0,0.0,53.217182,15.089836,0.0,0
1.0,0.0,0.0,0.0,0.0,0.0,1.0,0.0,0.0,0.0,1.0,89.0,5.04289,0.0,0.0,0.0,0.0,68.04898,0.0,0.0,0
1.0,1.0,0.0,0.0,0.0,0.0,0.0,0.0,0.0,0.0,1.0,38.0,4.165838,0.0,0.0,0.0,0.0,52.952095,0.0,0.0,0
1.0,1.0,0.0,0.0,0.0,0.0,0.0,0.0,0.0,0.0,1.0,19.0,3.5110855,0.0,0.0,0.0,0.0,57.659943,0.0,0.0,0
1.0,0.0,0.0,0.0,0.0,0.0,1.0,0.0,0.0,0.0,1.0,46.0,4.778678,0.0,0.0,0.0,0.0,68.15941,0.0,0.0,0
2.0,1.0,1.0,0.0,0.0,0.0,0.0,0.0,0.0,0.0,2.0,25.5,4.015061,0.0,0.0,0.0,0.0,3.5931735,1.3063583,0.0,1
3.0,0.0,0.0,1.0,0.0,0.0,0.0,0.0,1.0,0.0,3.0,30.666666,4.209867,0.0,1.0,0.0,0.0,2.0075426,0.17302604,1.0,1
3.0,0.0,0.0,0.0,0.0,1.0,1.0,0.0,0.0,0.0,3.0,53.666668,4.749128,0.0,0.0,0.0,0.0,116.73526,13.767517,0.0,0
3.0,0.0,0.0,0.0,0.0,1.0,1.0,0.0,0.0,0.0,3.0,53.666668,4.749128,0.0,0.0,0.0,0.0,88.08768,25.595064,0.0,0
3.0,0.0,0.0,0.0,0.0,1.0,1.0,0.0,0.0,0.0,3.0,53.666668,4.749128,0.0,0.0,0.0,0.0,96.652214,29.996836,0.0,0
3.0,0.0,0.0,0.0,0.0,1.0,1.0,0.0,0.0,0.0,2.0,47.5,4.778678,0.0,0.0,0.0,0.0,93.52418,18.334227,0.0,0
1.0,0.0,1.0,0.0,0.0,0.0,0.0,0.0,0.0,0.0,1.0,28.0,4.164498,1.0,0.0,0.0,0.0,1.9965128,0.0,0.0,1
2.0,0.0,0.0,0.0,0.0,0.0,0.0,1.0,0.0,0.0,2.0,54.5,4.567343,0.0,0.0,0.0,1.0,6.562079,1.6201411,0.5,1
2.0,0.0,0.0,0.0,0.0,0.0,0.0,1.0,0.0,0.0,2.0,52.5,4.545289,0.0,0.0,0.0,1.0,5.2878366,1.0640141,0.5,1
2.0,0.0,0.0,0.0,0.0,1.0,0.0,0.0,0.0,0.0,2.0,43.0,4.9019876,0.0,0.0,0.0,0.0,6.2360883,1.4164251,0.0,1
2.0,0.0,0.0,0.0,0.0,0.0,0.0,1.0,0.0,0.0,2.0,54.5,4.567343,0.0,0.0,0.0,1.0,7.69095,2.2263327,0.5,1
2.0,0.0,0.0,0.0,0.0,1.0,0.0,0.0,0.0,0.0,2.0,43.0,4.9019876,0.0,0.0,0.0,0.0,5.8524575,1.4348884,0.0,1
2.0,0.0,0.0,0.0,0.0,1.0,0.0,0.0,0.0,0.0,2.0,43.0,4.9019876,0.0,0.0,0.0,0.0,4.59571,0.3923495,0.0,1
2.0,1.0,1.0,0.0,0.0,0.0,0.0,0.0,0.0,0.0,2.0,25.5,4.015061,0.0,0.0,0.0,0.0,4.0917068,0.4284104,0.0,1
1.0,1.0,0.0,0.0,0.0,0.0,0.0,0.0,0.0,0.0,1.0,19.0,3.5110855,0.0,0.0,0.0,0.0,73.187614,0.0,0.0,0
3.0,0.0,0.0,0.0,0.0,1.0,1.0,0.0,0.0,0.0,3.0,53.666668,4.749128,0.0,0.0,0.0,0.0,75.42593,31.678156,0.0,0
3.0,0.0,0.0,0.0,0.0,1.0,1.0,0.0,0.0,0.0,3.0,53.666668,4.749128,0.0,0.0,0.0,0.0,99.637505,27.93661,0.0,0
4.0,1.0,0.0,1.0,1.0,0.0,0.0,0.0,1.0,0.0,4.0,29.0,3.8538632,0.0,0.0,0.0,0.0,3.0870707,0.24030101,0.75,1
3.0,0.0,0.0,0.0,0.0,1.0,1.0,0.0,0.0,0.0,2.0,69.0,5.04289,0.0,0.0,0.0,0.0,96.39623,16.03577,0.0,0
1.0,1.0,0.0,0.0,0.0,0.0,0.0,0.0,0.0,0.0,1.0,38.0,4.165838,0.0,0.0,0.0,0.0,65.158325,0.0,0.0,0
5.0,1.0,1.0,1.0,1.0,0.0,0.0,0.0,1.0,0.0,5.0,29.0,3.8538632,0.0,0.0,0.0,0.0,2.7198114,0.8234322,0.6,1
2.0,0.0,0.0,0.0,0.0,1.0,0.0,0.0,0.0,0.0,2.0,43.0,4.9019876,0.0,0.0,0.0,0.0,4.9941344,2.2467244,0.0,1
2.0,1.0,1.0,0.0,0.0,0.0,0.0,0.0,0.0,0.0,2.0,25.5,4.015061,0.0,0.0,0.0,0.0,2.3579886,0.27378938,0.0,1
3.0,0.0,0.0,0.0,0.0,1.0,1.0,0.0,0.0,0.0,3.0,53.666668,4.749128,0.0,0.0,0.0,0.0,57.275723,7.8182507,0.0,0
4.0,0.0,0.0,1.0,0.0,0.0,0.0,0.0,1.0,1.0,4.0,31.5,4.2439427,0.0,1.0,0.0,0.0,2.5234811,0.80022484,1.0,1
2.0,0.0,0.0,0.0,0.0,0.0,0.0,1.0,0.0,0.0,2.0,54.5,4.567343,0.0,0.0,0.0,1.0,4.342692,0.12532236,0.5,1
2.0,0.0,0.0,0.0,0.0,0.0,0.0,1.0,0.0,0.0,2.0,54.5,4.567343,0.0,0.0,0.0,1.0,6.9481626,0.3544201,0.5,1
2.0,1.0,1.0,0.0,0.0,0.0,0.0,0.0,0.0,0.0,2.0,27.5,4.282484,1.0,0.0,0.0,0.0,3.382412,0.80410874,0.0,1
2.0,0.0,0.0,0.0,0.0,1.0,0.0,0.0,0.0,0.0,2.0,43.0,4.9019876,0.0,0.0,0.0,0.0,5.6279564,1.0101886,0.0,1
3.0,1.0,1.0,0.0,1.0,0.0,0.0,0.0,0.0,0.0,3.0,31.0,4.3578377,1.0,0.0,0.0,0.0,2.4712286,1.0753568,0.33333334,1
1.0,0.0,0.0,0.0,0.0,0.0,1.0,0.0,0.0,0.0,1.0,89.0,5.04289,0.0,0.0,0.0,0.0,97.48294,0.0,0.0,0
1.0,1.0,0.0,0.0,0.0,0.0,0.0,0.0,0.0,0.0,1.0,38.0,4.165838,0.0,0.0,0.0,0.0,69.09474,0.0,0.0,0
5.0,1.0,1.0,1.0,1.0,0.0,0.0,0.0,1.0,0.0,5.0,29.0,3.8538632,0.0,0.0,0.0,0.0,2.3953142,0.8713327,0.6,1
2.0,0.0,0.0,0.0,0.0,1.0,0.0,0.0,0.0,0.0,2.0,43.0,4.9019876,0.0,0.0,0.0,0.0,5.968661,1.8777889,0.0,1
2.0,1.0,1.0,0.0,0.0,0.0,0.0,0.0,0.0,0.0,2.0,25.5,4.015061,0.0,0.0,0.0,0.0,2.9173357,0.03922447,0.0,1
2.0,1.0,0.0,0.0,0.0,0.0,0.0,0.0,0.0,0.0,1.0,38.0,4.3988576,0.0,0.0,0.0,0.0,56.335957,15.698252,0.0,0
5.0,0.0,0.0,1.0,1.0,0.0,0.0,0.0,0.0,1.0,3.0,28.0,4.2439427,0.0,1.0,0.0,0.0,1.6216921,0.44406715,0.8,1
2.0,1.0,0.0,0.0,0.0,0.0,0.0,0.0,1.0,0.0,2.0,42.5,4.509495,0.0,0.0,0.0,0.0,47.89176,7.3492517,0.5,0
2.0,1.0,0.0,0.0,0.0,0.0,0.0,0.0,0.0,0.0,1.0,38.0,4.3988576,0.0,0.0,0.0,0.0,55.351364,12.283337,0.0,0
5.0,0.0,0.0,1.0,1.0,0.0,0.0,0.0,0.0,1.0,3.0,28.666666,4.2439427,0.0,1.0,0.0,0.0,1.9386778,0.6356801,0.8,1
3.0,0.0,0.0,0.0,0.0,1.0,1.0,0.0,0.0,0.0,2.0,70.0,5.04289,0.0,0.0,0.0,0.0,87.931625,18.949884,0.0,0
3.0,0.0,0.0,0.0,0.0,1.0,1.0,0.0,0.0,0.0,3.0,53.666668,4.749128,0.0,0.0,0.0,0.0,116.556404,12.327323,0.0,0
3.0,0.0,0.0,0.0,0.0,1.0,1.0,0.0,0.0,0.0,2.0,47.5,4.778678,0.0,0.0,0.0,0.0,83.204025,18.275677,0.0,0
2.0,1.0,0.0,0.0,0.0,0.0,0.0,0.0,1.0,0.0,2.0,42.5,4.509495,0.0,0.0,0.0,0.0,53.62881,14.76948,0.5,0
2.0,0.0,0.0,0.0,0.0,1.0,1.0,0.0,0.0,0.0,2.0,48.5,4.778678,0.0,0.0,0.0,0.0,90.58921,23.354334,0.0,0
3.0,1.0,1.0,0.0,1.0,0.0,0.0,0.0,0.0,0.0,3.0,28.666666,4.182006,1.0,0.0,0.0,0.0,3.5537794,1.5593114,0.33333334,1
2.0,1.0,0.0,0.0,0.0,0.0,0.0,0.0,0.0,0.0,1.0,38.0,4.3988576,0.0,0.0,0.0,0.0,60.03167,18.974285,0.0,0
1.0,0.0,0.0,0.0,0.0,0.0,1.0,0.0,0.0,0.0,1.0,89.0,5.04289,0.0,0.0,0.0,0.0,25.677862,0.0,0.0,0
3.0,0.0,0.0,0.0,0.0,1.0,1.0,0.0,0.0,0.0,3.0,53.666668,4.749128,0.0,0.0,0.0,0.0,72.582726,17.54739,0.0,0
5.0,0.0,0.0,1.0,1.0,0.0,0.0,0.0,0.0,1.0,3.0,28.0,4.2439427,0.0,1.0,0.0,0.0,1.8836925,0.68336654,0.8,1
3.0,0.0,0.0,0.0,0.0,0.0,0.0,1.0,0.0,0.0,3.0,53.333332,4.567343,0.0,0.0,0.0,1.0,10.574349,0.5320631,0.33333334,1
3.0,0.0,1.0,0.0,0.0,0.0,0.0,0.0,1.0,0.0,3.0,29.0,3.8538632,0.0,0.0,0.0,0.0,3.1782389,0.3428271,0.6666667,1
2.0,1.0,1.0,0.0,0.0,0.0,0.0,0.0,0.0,0.0,2.0,25.5,4.015061,0.0,0.0,0.0,0.0,4.772071,0.5286889,0.0,1
2.0,0.0,0.0,0.0,0.0,0.0,0.0,1.0,0.0,0.0,2.0,52.5,4.545289,0.0,0.0,0.0,1.0,9.004869,1.7498627,0.5,1
2.0,0.0,0.0,0.0,0.0,1.0,0.0,0.0,0.0,0.0,2.0,43.0,4.9019876,0.0,0.0,0.0,0.0,4.777161,0.28906593,0.0,1
1.0,1.0,0.0,0.0,0.0,0.0,0.0,0.0,0.0,0.0,1.0,39.0,4.16042,0.0,0.0,0.0,0.0,51.675983,0.0,0.0,0
2.0,1.0,1.0,0.0,0.0,0.0,0.0,0.0,0.0,0.0,2.0,25.5,4.015061,0.0,0.0,0.0,0.0,3.2391765,0.13232961,0.0,1
2.0,0.0,0.0,0.0,0.0,1.0,0.0,0.0,0.0,0.0,2.0,43.0,4.9019876,0.0,0.0,0.0,0.0,7.4443283,0.5021273,0.0,1
4.0,1.0,0.0,1.0,0.0,0.0,0.0,0.0,1.0,0.0,4.0,29.0,3.8538632,0.0,0.0,0.0,0.0,1.7839272,0.720904,0.75,1
1.0,0.0,1.0,0.0,0.0,0.0,0.0,0.0,0.0,0.0,1.0,28.0,4.164498,1.0,0.0,0.0,0.0,5.7077737,0.0,0.0,1
1.0,1.0,0.0,0.0,0.0,0.0,0.0,0.0,0.0,0.0,1.0,39.0,4.16042,0.0,0.0,0.0,0.0,63.414593,0.0,0.0,0
1.0,0.0,0.0,0.0,0.0,0.0,1.0,0.0,0.0,0.0,1.0,89.0,5.04289,0.0,0.0,0.0,0.0,98.6962,0.0,0.0,0
3.0,0.0,0.0,0.0,0.0,1.0,1.0,0.0,0.0,0.0,2.0,70.0,5.04289,0.0,0.0,0.0,0.0,30.686235,2.0249262,0.0,0
3.0,1.0,1.0,1.0,0.0,0.0,0.0,0.0,0.0,0.0,3.0,29.0,3.8538632,0.0,0.0,0.0,0.0,2.6625051,0.7930497,0.33333334,1
2.0,0.0,0.0,0.0,0.0,1.0,1.0,0.0,0.0,0.0,2.0,69.0,5.04289,0.0,0.0,0.0,0.0,57.12768,4.110589,0.0,0
2.0,1.0,1.0,0.0,0.0,0.0,0.0,0.0,0.0,0.0,2.0,25.5,4.015061,0.0,0.0,0.0,0.0,3.4572036,0.64131176,0.0,1
1.0,0.0,0.0,0.0,0.0,0.0,1.0,0.0,0.0,0.0,1.0,46.0,4.778678,0.0,0.0,0.0,0.0,100.54064,0.0,0.0,0
1.0,0.0,0.0,0.0,0.0,0.0,1.0,0.0,0.0,0.0,1.0,46.0,4.778678,0.0,0.0,0.0,0.0,74.13522,0.0,0.0,0
2.0,0.0,0.0,0.0,0.0,1.0,1.0,0.0,0.0,0.0,2.0,69.0,5.04289,0.0,0.0,0.0,0.0,93.09914,11.774916,0.0,0
1.0,1.0,0.0,0.0,0.0,0.0,0.0,0.0,0.0,0.0,1.0,19.0,3.5110855,0.0,0.0,0.0,0.0,65.53388,0.0,0.0,0
2.0,1.0,1.0,0.0,0.0,0.0,0.0,0.0,0.0,0.0,2.0,25.5,4.015061,0.0,0.0,0.0,0.0,4.0461826,0.48999777,0.0,1
2.0,1.0,1.0,0.0,0.0,0.0,0.0,0.0,0.0,0.0,2.0,27.5,4.282484,1.0,0.0,0.0,0.0,3.1819086,0.27940786,0.0,1
2.0,1.0,0.0,0.0,0.0,0.0,0.0,0.0,1.0,0.0,2.0,42.5,4.509495,0.0,0.0,0.0,0.0,58.12024,1.0630554,0.5,0
2.0,1.0,1.0,0.0,0.0,0.0,0.0,0.0,0.0,0.0,2.0,25.5,4.015061,0.0,0.0,0.0,0.0,3.1402557,0.059895325,0.0,1
1.0,0.0,1.0,0.0,0.0,0.0,0.0,0.0,0.0,0.0,1.0,28.0,4.164498,1.0,0.0,0.0,0.0,4.4595456,0.0,0.0,1
5.0,0.0,0.0,1.0,1.0,0.0,0.0,0.0,0.0,1.0,3.0,28.0,4.2439427,0.0,1.0,0.0,0.0,2.195923,0.83893263,0.8,1
2.0,1.0,0.0,0.0,0.0,0.0,0.0,0.0,0.0,1.0,2.0,45.0,4.669485,0.0,0.0,0.0,0.0,64.06604,0.6730359,0.5,0
2.0,1.0,0.0,0.0,0.0,0.0,0.0,0.0,0.0,0.0,1.0,38.0,4.3988576,0.0,0.0,0.0,0.0,52.543934,5.7609105,0.0,0
2.0,0.0,0.0,0.0,0.0,0.0,0.0,1.0,0.0,0.0,2.0,54.5,4.567343,0.0,0.0,0.0,1.0,7.9238133,3.0850303,0.5,1
3.0,0.0,0.0,0.0,0.0,1.0,1.0,0.0,0.0,0.0,3.0,53.666668,4.749128,0.0,0.0,0.0,0.0,56.35803,11.2804785,0.0,0
2.0,0.0,0.0,0.0,0.0,1.0,0.0,0.0,0.0,0.0,2.0,43.0,4.9019876,0.0,0.0,0.0,0.0,4.408183,0.7359212,0.0,1
2.0,1.0,0.0,0.0,0.0,0.0,0.0,0.0,0.0,0.0,1.0,38.0,4.3988576,0.0,0.0,0.0,0.0,49.40561,0.6100191,0.0,0
1.0,0.0,0.0,0.0,0.0,0.0,1.0,0.0,0.0,0.0,1.0,89.0,5.04289,0.0,0.0,0.0,0.0,58.999233,0.0,0.0,0
1.0,1.0,0.0,0.0,0.0,0.0,0.0,0.0,0.0,0.0,1.0,38.0,4.165838,0.0,0.0,0.0,0.0,61.424488,0.0,0.0,0
2.0,1.0,0.0,0.0,0.0,0.0,0.0,0.0,0.0,1.0,2.0,45.0,4.669485,0.0,0.0,0.0,0.0,59.360806,19.40466,0.5,0
3.0,0.0,0.0,1.0,0.0,0.0,0.0,0.0,1.0,0.0,3.0,28.0,4.209867,0.0,1.0,0.0,0.0,1.9410046,0.8151285,1.0,1
3.0,0.0,0.0,1.0,0.0,0.0,0.0,0.0,1.0,0.0,3.0,30.666666,4.209867,0.0,1.0,0.0,0.0,1.769632,0.7245816,1.0,1
1.0,0.0,0.0,0.0,0.0,0.0,1.0,0.0,0.0,0.0,1.0,46.0,4.778678,0.0,0.0,0.0,0.0,68.33935,0.0,0.0,0
3.0,0.0,0.0,0.0,0.0,0.0,0.0,1.0,0.0,0.0,3.0,53.333332,4.567343,0.0,0.0,0.0,1.0,7.992825,2.0559723,0.33333334,1
3.0,0.0,0.0,0.0,0.0,1.0,1.0,0.0,0.0,0.0,3.0,53.666668,4.749128,0.0,0.0,0.0,0.0,79.90058,40.26538,0.0,0
1.0,1.0,0.0,0.0,0.0,0.0,0.0,0.0,0.0,0.0,1.0,39.0,4.16042,0.0,0.0,0.0,0.0,66.953285,0.0,0.0,0
2.0,1.0,0.0,0.0,0.0,0.0,0.0,0.0,0.0,0.0,1.0,38.0,4.3988576,0.0,0.0,0.0,0.0,56.64208,5.1650696,0.0,0
1.0,1.0,0.0,0.0,0.0,0.0,0.0,0.0,0.0,0.0,1.0,19.0,3.5110855,0.0,0.0,0.0,0.0,52.650967,0.0,0.0,0
4.0,0.0,0.0,1.0,0.0,0.0,0.0,0.0,1.0,1.0,4.0,31.0,4.2439427,0.0,1.0,0.0,0.0,3.1546364,0.16832237,1.0,1
1.0,1.0,0.0,0.0,0.0,0.0,0.0,0.0,0.0,0.0,1.0,19.0,3.5110855,0.0,0.0,0.0,0.0,39.88446,0.0,0.0,0
5.0,1.0,0.0,1.0,1.0,1.0,0.0,0.0,0.0,0.0,5.0,29.0,3.8538632,0.0,0.0,0.0,0.0,2.5214682,0.6394603,0.6,1
3.0,0.0,0.0,0.0,0.0,1.0,1.0,0.0,0.0,0.0,3.0,53.666668,4.749128,0.0,0.0,0.0,0.0,94.22184,20.088213,0.0,0
2.0,0.0,0.0,0.0,0.0,1.0,0.0,0.0,0.0,0.0,2.0,43.0,4.9019876,0.0,0.0,0.0,0.0,4.8565764,1.2169785,0.0,1
3.0,0.0,0.0,0.0,0.0,1.0,1.0,0.0,0.0,0.0,3.0,53.666668,4.749128,0.0,0.0,0.0,0.0,97.3858,26.86592,0.0,0
1.0,1.0,0.0,0.0,0.0,0.0,0.0,0.0,0.0,0.0,1.0,38.0,4.165838,0.0,0.0,0.0,0.0,50.271755,0.0,0.0,0
3.0,1.0,1.0,0.0,1.0,0.0,0.0,0.0,0.0,0.0,3.0,31.0,4.3578377,1.0,0.0,0.0,0.0,2.685212,0.88388705,0.33333334,1
2.0,1.0,0.0,0.0,0.0,0.0,0.0,0.0,1.0,0.0,2.0,42.5,4.509495,0.0,0.0,0.0,0.0,52.091423,0.4661385,0.5,0
2.0,1.0,1.0,0.0,0.0,0.0,0.0,0.0,0.0,0.0,2.0,25.5,4.015061,0.0,0.0,0.0,0.0,3.223935,0.11436338,0.0,1
3.0,0.0,0.0,1.0,0.0,0.0,0.0,0.0,1.0,0.0,3.0,28.0,4.209867,0.0,1.0,0.0,0.0,1.9446939,0.9429799,1.0,1
1.0,0.0,0.0,0.0,0.0,0.0,1.0,0.0,0.0,0.0,1.0,89.0,5.04289,0.0,0.0,0.0,0.0,36.26585,0.0,0.0,0
2.0,0.0,0.0,0.0,0.0,1.0,0.0,0.0,0.0,0.0,2.0,43.0,4.9019876,0.0,0.0,0.0,0.0,3.5916204,0.010065753,0.0,1
3.0,0.0,0.0,0.0,0.0,0.0,0.0,1.0,0.0,0.0,3.0,53.333332,4.567343,0.0,0.0,0.0,1.0,8.729516,1.8428236,0.33333334,1
1.0,1.0,0.0,0.0,0.0,0.0,0.0,0.0,0.0,0.0,1.0,19.0,3.5110855,0.0,0.0,0.0,0.0,79.38926,0.0,0.0,0
1.0,0.0,0.0,0.0,0.0,0.0,1.0,0.0,0.0,0.0,1.0,46.0,4.778678,0.0,0.0,0.0,0.0,99.39719,0.0,0.0,0
2.0,1.0,1.0,0.0,0.0,0.0,0.0,0.0,0.0,0.0,2.0,25.5,4.015061,0.0,0.0,0.0,0.0,4.764418,0.112096675,0.0,1
5.0,1.0,1.0,1.0,0.0,1.0,0.0,0.0,1.0,0.0,5.0,29.0,3.8538632,0.0,0.0,0.0,0.0,2.3839319,0.61160046,0.4,1
2.0,1.0,1.0,0.0,0.0,0.0,0.0,0.0,0.0,0.0,2.0,25.5,4.015061,0.0,0.0,0.0,0.0,2.746437,0.4458715,0.0,1
3.0,0.0,0.0,0.0,0.0,1.0,1.0,0.0,0.0,0.0,3.0,53.666668,4.749128,0.0,0.0,0.0,0.0,101.51409,27.387709,0.0,0
2.0,0.0,0.0,0.0,0.0,1.0,0.0,0.0,0.0,0.0,2.0,43.0,4.9019876,0.0,0.0,0.0,0.0,2.9648993,0.29932693,0.0,1
2.0,1.0,0.0,0.0,0.0,0.0,0.0,0.0,0.0,0.0,1.0,38.0,4.3988576,0.0,0.0,0.0,0.0,50.502064,20.018005,0.0,0
2.0,1.0,0.0,0.0,0.0,0.0,0.0,0.0,0.0,1.0,2.0,45.0,4.669485,0.0,0.0,0.0,0.0,57.622753,6.665387,0.5,0
5.0,0.0,1.0,1.0,1.0,0.0,0.0,0.0,1.0,0.0,5.0,29.0,3.8538632,0.0,0.0,0.0,0.0,2.8864489,0.97699827,0.8,1
3.0,0.0,0.0,0.0,0.0,1.0,1.0,0.0,0.0,0.0,3.0,53.666668,4.749128,0.0,0.0,0.0,0.0,97.75047,36.380188,0.0,0
1.0,1.0,0.0,0.0,0.0,0.0,0.0,0.0,0.0,0.0,1.0,38.0,4.165838,0.0,0.0,0.0,0.0,41.518303,0.0,0.0,0
3.0,0.0,0.0,0.0,0.0,1.0,1.0,0.0,0.0,0.0,3.0,53.666668,4.749128,0.0,0.0,0.0,0.0,80.88599,21.635632,0.0,0
1.0,1.0,0.0,0.0,0.0,0.0,0.0,0.0,0.0,0.0,1.0,39.0,4.16042,0.0,0.0,0.0,0.0,84.58849,0.0,0.0,0
2.0,0.0,0.0,0.0,0.0,1.0,1.0,0.0,0.0,0.0,2.0,69.0,5.04289,0.0,0.0,0.0,0.0,86.61887,24.958931,0.0,0
3.0,0.0,0.0,0.0,0.0,0.0,0.0,1.0,0.0,0.0,3.0,53.333332,4.567343,0.0,0.0,0.0,1.0,7.593898,0.5095813,0.33333334,1
2.0,0.0,0.0,0.0,0.0,0.0,0.0,1.0,0.0,0.0,2.0,52.5,4.545289,0.0,0.0,0.0,1.0,9.522801,2.3939593,0.5,1
2.0,1.0,1.0,0.0,0.0,0.0,0.0,0.0,0.0,0.0,2.0,25.5,4.015061,0.0,0.0,0.0,0.0,2.9572747,0.7166043,0.0,1
1.0,1.0,0.0,0.0,0.0,0.0,0.0,0.0,0.0,0.0,1.0,39.0,4.16042,0.0,0.0,0.0,0.0,87.226944,0.0,0.0,0
5.0,1.0,1.0,0.0,1.0,1.0,0.0,0.0,0.0,0.0,5.0,29.0,3.8538632,0.0,0.0,0.0,0.0,2.5428934,0.91588336,0.4,1
2.0,1.0,1.0,0.0,0.0,0.0,0.0,0.0,0.0,0.0,2.0,25.5,4.015061,0.0,0.0,0.0,0.0,3.4904552,0.62651485,0.0,1
2.0,0.0,0.0,0.0,0.0,1.0,0.0,0.0,0.0,0.0,2.0,43.0,4.9019876,0.0,0.0,0.0,0.0,6.1834707,1.1523458,0.0,1
1.0,0.0,0.0,0.0,0.0,0.0,1.0,0.0,0.0,0.0,1.0,46.0,4.778678,0.0,0.0,0.0,0.0,91.530075,0.0,0.0,0
2.0,1.0,0.0,0.0,0.0,0.0,0.0,0.0,1.0,0.0,2.0,42.5,4.509495,0.0,0.0,0.0,0.0,65.57531,4.923931,0.5,0
4.0,0.0,0.0,1.0,0.0,0.0,0.0,0.0,1.0,1.0,4.0,31.0,4.2439427,0.0,1.0,0.0,0.0,2.3426108,0.7453375,1.0,1
3.0,0.0,0.0,0.0,0.0,1.0,1.0,0.0,0.0,0.0,3.0,53.666668,4.749128,0.0,0.0,0.0,0.0,99.687874,39.706585,0.0,0
5.0,1.0,0.0,1.0,1.0,1.0,0.0,0.0,1.0,0.0,5.0,29.0,3.8538632,0.0,0.0,0.0,0.0,2.4510992,0.7361186,0.6,1
2.0,1.0,0.0,0.0,0.0,0.0,0.0,0.0,1.0,0.0,2.0,42.5,4.509495,0.0,0.0,0.0,0.0,47.592564,4.954234,0.5,0
3.0,0.0,0.0,0.0,0.0,1.0,1.0,0.0,0.0,0.0,3.0,53.666668,4.749128,0.0,0.0,0.0,0.0,89.177574,32.73727,0.0,0
3.0,0.0,0.0,0.0,0.0,0.0,0.0,1.0,0.0,0.0,3.0,53.333332,4.567343,0.0,0.0,0.0,1.0,5.6840534,1.1843817,0.33333334,1
3.0,0.0,0.0,0.0,1.0,1.0,0.0,0.0,1.0,0.0,3.0,29.0,3.8538632,0.0,0.0,0.0,0.0,2.101425,0.6388491,0.6666667,1
2.0,1.0,1.0,0.0,0.0,0.0,0.0,0.0,0.0,0.0,2.0,25.5,4.015061,0.0,0.0,0.0,0.0,3.6811943,1.1902992,0.0,1
1.0,1.0,0.0,0.0,0.0,0.0,0.0,0.0,0.0,0.0,1.0,39.0,4.16042,0.0,0.0,0.0,0.0,71.41931,0.0,0.0,0
1.0,0.0,1.0,0.0,0.0,0.0,0.0,0.0,0.0,0.0,1.0,28.0,4.164498,1.0,0.0,0.0,0.0,3.2588227,0.0,0.0,1
1.0,0.0,1.0,0.0,0.0,0.0,0.0,0.0,0.0,0.0,1.0,28.0,4.164498,1.0,0.0,0.0,0.0,2.1907341,0.0,0.0,1
5.0,0.0,0.0,1.0,1.0,0.0,0.0,0.0,0.0,1.0,3.0,30.666666,4.2439427,0.0,1.0,0.0,0.0,2.1767793,0.74512696,0.8,1
1.0,0.0,0.0,0.0,0.0,0.0,1.0,0.0,0.0,0.0,1.0,46.0,4.778678,0.0,0.0,0.0,0.0,29.97945,0.0,0.0,0
2.0,1.0,1.0,0.0,0.0,0.0,0.0,0.0,0.0,0.0,2.0,25.5,4.015061,0.0,0.0,0.0,0.0,4.967886,0.28298604,0.0,1
4.0,0.0,0.0,1.0,0.0,0.0,0.0,0.0,1.0,1.0,4.0,33.0,4.2439427,0.0,1.0,0.0,0.0,1.3933717,0.9365958,1.0,1
2.0,0.0,0.0,0.0,0.0,1.0,1.0,0.0,0.0,0.0,2.0,69.0,5.04289,0.0,0.0,0.0,0.0,61.48114,32.299953,0.0,0
2.0,1.0,0.0,0.0,0.0,0.0,0.0,0.0,1.0,0.0,2.0,42.5,4.509495,0.0,0.0,0.0,0.0,48.790043,9.312665,0.5,0
2.0,0.0,0.0,0.0,0.0,1.0,0.0,0.0,0.0,0.0,2.0,43.0,4.9019876,0.0,0.0,0.0,0.0,4.763097,0.09024503,0.0,1
3.0,1.0,1.0,0.0,1.0,0.0,0.0,0.0,0.0,0.0,3.0,31.0,4.3578377,1.0,0.0,0.0,0.0,2.838002,0.42410284,0.33333334,1
2.0,1.0,1.0,0.0,0.0,0.0,0.0,0.0,0.0,0.0,2.0,25.5,4.015061,0.0,0.0,0.0,0.0,3.5366013,0.7662646,0.0,1
2.0,0.0,0.0,0.0,0.0,1.0,0.0,0.0,0.0,0.0,2.0,43.0,4.9019876,0.0,0.0,0.0,0.0,3.6998558,0.8295339,0.0,1
3.0,0.0,0.0,0.0,0.0,0.0,0.0,1.0,0.0,0.0,3.0,53.333332,4.567343,0.0,0.0,0.0,1.0,9.87355,1.6079434,0.33333334,1
1.0,1.0,0.0,0.0,0.0,0.0,0.0,0.0,0.0,0.0,1.0,38.0,4.165838,0.0,0.0,0.0,0.0,92.54208,0.0,0.0,0
3.0,0.0,0.0,0.0,0.0,1.0,1.0,0.0,0.0,0.0,3.0,53.666668,4.749128,0.0,0.0,0.0,0.0,125.94623,14.876203,0.0,0
5.0,1.0,0.0,1.0,1.0,1.0,0.0,0.0,1.0,0.0,5.0,29.0,3.8538632,0.0,0.0,0.0,0.0,2.5789022,0.9101811,0.6,1
2.0,0.0,0.0,0.0,0.0,1.0,1.0,0.0,0.0,0.0,2.0,69.0,5.04289,0.0,0.0,0.0,0.0,74.72119,20.380571,0.0,0
2.0,0.0,0.0,0.0,0.0,1.0,1.0,0.0,0.0,0.0,2.0,47.5,4.778678,0.0,0.0,0.0,0.0,58.28507,14.093948,0.0,0
3.0,1.0,0.0,0.0,0.0,0.0,0.0,0.0,1.0,0.0,3.0,29.0,3.8538632,0.0,0.0,0.0,0.0,3.3096094,0.70513695,0.6666667,1
3.0,0.0,0.0,0.0,0.0,0.0,0.0,1.0,0.0,0.0,3.0,53.333332,4.567343,0.0,0.0,0.0,1.0,8.315621,2.8275952,0.33333334,1
2.0,0.0,0.0,0.0,0.0,0.0,0.0,1.0,0.0,0.0,2.0,54.5,4.567343,0.0,0.0,0.0,1.0,7.8475327,2.0154524,0.5,1
5.0,0.0,0.0,1.0,1.0,0.0,0.0,0.0,0.0,1.0,3.0,30.666666,4.2439427,0.0,1.0,0.0,0.0,2.5424871,0.5835195,0.8,1
3.0,0.0,0.0,0.0,0.0,1.0,1.0,0.0,0.0,0.0,3.0,53.666668,4.749128,0.0,0.0,0.0,0.0,88.942665,20.904919,0.0,0
2.0,1.0,1.0,0.0,0.0,0.0,0.0,0.0,0.0,0.0,2.0,25.5,4.015061,0.0,0.0,0.0,0.0,2.4592881,0.21434093,0.0,1
1.0,1.0,0.0,0.0,0.0,0.0,0.0,0.0,0.0,0.0,1.0,39.0,4.16042,0.0,0.0,0.0,0.0,42.53366,0.0,0.0,0
2.0,0.0,0.0,0.0,0.0,1.0,0.0,0.0,0.0,0.0,2.0,43.0,4.9019876,0.0,0.0,0.0,0.0,7.3483424,0.27662748,0.0,1
3.0,1.0,1.0,0.0,1.0,0.0,0.0,0.0,0.0,0.0,3.0,28.666666,4.182006,1.0,0.0,0.0,0.0,2.743154,0.6102669,0.33333334,1
2.0,0.0,0.0,0.0,0.0,1.0,0.0,0.0,0.0,0.0,2.0,43.0,4.9019876,0.0,0.0,0.0,0.0,3.9693863,0.10005452,0.0,1
3.0,0.0,0.0,1.0,1.0,1.0,0.0,0.0,0.0,0.0,3.0,29.0,3.8538632,0.0,0.0,0.0,0.0,2.6883125,0.8238858,0.6666667,1
2.0,1.0,1.0,0.0,0.0,0.0,0.0,0.0,0.0,0.0,2.0,25.5,4.015061,0.0,0.0,0.0,0.0,4.1703863,0.4018622,0.0,1
3.0,0.0,0.0,0.0,0.0,1.0,1.0,0.0,0.0,0.0,3.0,53.666668,4.749128,0.0,0.0,0.0,0.0,86.026665,37.573486,0.0,0
2.0,1.0,0.0,0.0,0.0,0.0,0.0,0.0,0.0,0.0,1.0,38.0,4.3988576,0.0,0.0,0.0,0.0,57.251244,0.39136142,0.0,0
2.0,1.0,1.0,0.0,0.0,0.0,0.0,0.0,0.0,0.0,2.0,25.5,4.015061,0.0,0.0,0.0,0.0,3.605195,0.017584225,0.0,1
2.0,0.0,0.0,0.0,0.0,1.0,0.0,0.0,0.0,0.0,2.0,43.0,4.9019876,0.0,0.0,0.0,0.0,4.7387156,0.40592805,0.0,1
1.0,1.0,0.0,0.0,0.0,0.0,0.0,0.0,0.0,0.0,1.0,39.0,4.16042,0.0,0.0,0.0,0.0,89.96792,0.0,0.0,0
2.0,0.0,0.0,0.0,0.0,1.0,0.0,0.0,0.0,0.0,2.0,43.0,4.9019876,0.0,0.0,0.0,0.0,5.5377226,0.9793048,0.0,1
2.0,1.0,1.0,0.0,0.0,0.0,0.0,0.0,0.0,0.0,2.0,25.5,4.015061,0.0,0.0,0.0,0.0,5.3438606,0.05286339,0.0,1
2.0,1.0,1.0,0.0,0.0,0.0,0.0,0.0,0.0,0.0,2.0,25.5,4.015061,0.0,0.0,0.0,0.0,4.2668324,1.1894946,0.0,1
2.0,1.0,1.0,0.0,0.0,0.0,0.0,0.0,0.0,0.0,2.0,32.5,4.3578377,1.0,0.0,0.0,0.0,3.962607,1.7319762,0.0,1
2.0,1.0,0.0,0.0,0.0,0.0,0.0,0.0,0.0,0.0,1.0,38.0,4.3988576,0.0,0.0,0.0,0.0,56.44268,9.013744,0.0,0
2.0,1.0,0.0,0.0,0.0,0.0,0.0,0.0,0.0,0.0,1.0,38.0,4.3988576,0.0,0.0,0.0,0.0,41.075943,8.190714,0.0,0
4.0,0.0,0.0,1.0,0.0,0.0,0.0,0.0,1.0,1.0,4.0,31.5,4.2439427,0.0,1.0,0.0,0.0,2.2546332,0.80661654,1.0,1
1.0,1.0,0.0,0.0,0.0,0.0,0.0,0.0,0.0,0.0,1.0,38.0,4.165838,0.0,0.0,0.0,0.0,71.32614,0.0,0.0,0
1.0,1.0,0.0,0.0,0.0,0.0,0.0,0.0,0.0,0.0,1.0,38.0,4.165838,0.0,0.0,0.0,0.0,49.844887,0.0,0.0,0
1.0,1.0,0.0,0.0,0.0,0.0,0.0,0.0,0.0,0.0,1.0,39.0,4.16042,0.0,0.0,0.0,0.0,42.003838,0.0,0.0,0
4.0,0.0,0.0,1.0,0.0,1.0,0.0,0.0,1.0,0.0,4.0,29.0,3.8538632,0.0,0.0,0.0,0.0,2.470041,0.68975204,0.75,1
3.0,0.0,0.0,0.0,0.0,0.0,0.0,1.0,0.0,0.0,3.0,53.333332,4.567343,0.0,0.0,0.0,1.0,9.357222,1.9113026,0.33333334,1
2.0,1.0,1.0,0.0,0.0,0.0,0.0,0.0,0.0,0.0,2.0,25.5,4.015061,0.0,0.0,0.0,0.0,4.93437,0.3007521,0.0,1
3.0,0.0,0.0,0.0,0.0,1.0,1.0,0.0,0.0,0.0,2.0,70.0,5.04289,0.0,0.0,0.0,0.0,63.849842,22.912006,0.0,0
